Anonymous Number,Activity Date,Order Number,Activity Desc,Amount,Type
229,6/17/2016,4909540,Purchase,$5.00,Gift Certificate
229,6/17/2016,4909540,Cancel Purchase,($5.00),Gift Certificate
106,6/27/2016,4915904,Purchase,$5.00,Gift Certificate
106,6/30/2016,4917547,Payment,($5.00),Gift Certificate
289,6/30/2016,4917554,Purchase,$5.00,Gift Certificate
289,6/30/2016,4917554,Cancel Purchase,($5.00),Gift Certificate
128,7/1/2016,4917982,Purchase,$5.00,Gift Certificate
128,7/1/2016,4917982,Cancel Purchase,($5.00),Gift Certificate
260,7/1/2016,4917986,Purchase,$5.00,Gift Certificate
260,7/1/2016,4917986,Cancel Purchase,($5.00),Gift Certificate
344,7/1/2016,4917547,Purchase,$5.00,Gift Certificate
106,7/1/2016,4917547,Refund,$5.00,Gift Certificate
344,7/1/2016,4917547,Cancel Purchase,($5.00),Gift Certificate
106,7/1/2016,4915904,Cancel Purchase,($5.00),Gift Certificate
194,7/1/2016,4918025,Purchase,$5.00,Gift Certificate
194,7/1/2016,4918025,Cancel Purchase,($5.00),Gift Certificate
163,7/5/2016,4919857,Purchase,$20.00,Gift Certificate
329,7/24/2016,4949873,Purchase,$50.00,Gift Certificate
195,7/31/2016,4961875,Purchase,$30.00,Gift Certificate
149,8/20/2016,4997920,Purchase,$20.00,Gift Certificate
140,8/26/2016,5007014,Purchase,$10.00,Gift Certificate
141,9/5/2016,5023654,Purchase,$5.00,Gift Certificate
141,9/5/2016,5023654,Cancel Purchase,($5.00),Gift Certificate
199,9/24/2016,5054603,Purchase,$25.00,Gift Certificate
271,9/30/2016,5068817,Purchase,$20.00,Gift Certificate
210,10/3/2016,5073472,Purchase,$50.00,Gift Certificate
271,10/6/2016,5078872,Payment,($8.00),Gift Certificate
271,10/12/2016,5087779,Payment,($8.00),Gift Certificate
190,10/13/2016,5089174,Purchase,$20.00,Gift Certificate
176,10/18/2016,5110035,Purchase,$20.00,Gift Certificate
271,10/23/2016,5124436,Payment,($4.00),Gift Certificate
190,10/29/2016,5139694,Payment,($15.00),Gift Certificate
190,10/30/2016,5139931,Payment,($5.00),Gift Certificate
210,10/30/2016,5140886,Payment,($40.00),Gift Certificate
210,11/6/2016,5153840,Payment,($10.00),Gift Certificate
213,11/12/2016,5169297,Purchase,$20.00,Gift Certificate
183,11/25/2016,5204296,Purchase,$20.00,Gift Certificate
168,11/26/2016,5206620,Purchase,$30.00,Gift Certificate
319,11/26/2016,5206620,Purchase,$30.00,Gift Certificate
119,12/3/2016,5221456,Purchase,$25.00,Gift Certificate
269,12/3/2016,5221456,Purchase,$25.00,Gift Certificate
138,12/3/2016,5221516,Purchase,$10.00,Gift Certificate
179,12/5/2016,5225906,Purchase,$25.00,Gift Certificate
142,12/9/2016,5233009,Purchase,$30.00,Gift Certificate
207,12/9/2016,5234222,Purchase,$25.00,Gift Certificate
281,12/10/2016,5236076,Purchase,$15.00,Gift Certificate
312,12/10/2016,5236076,Purchase,$15.00,Gift Certificate
96,12/10/2016,5237006,Purchase,$20.00,Gift Certificate
297,12/10/2016,5237006,Purchase,$20.00,Gift Certificate
253,12/11/2016,5238884,Purchase,$25.00,Gift Certificate
206,12/12/2016,5240220,Purchase,$50.00,Gift Certificate
160,12/13/2016,5242115,Purchase,$25.00,Gift Certificate
157,12/14/2016,5243360,Purchase,$20.00,Gift Certificate
215,12/15/2016,5244641,Purchase,$50.00,Gift Certificate
154,12/15/2016,5244754,Purchase,$25.00,Gift Certificate
116,12/16/2016,5246533,Purchase,$25.00,Gift Certificate
281,12/16/2016,5246582,Payment,($7.50),Gift Certificate
124,12/16/2016,5246597,Purchase,$50.00,Gift Certificate
312,12/16/2016,5246623,Payment,($7.50),Gift Certificate
327,12/17/2016,5248425,Purchase,$50.00,Gift Certificate
197,12/17/2016,5249460,Purchase,$20.00,Gift Certificate
193,12/18/2016,5251151,Purchase,$20.00,Gift Certificate
223,12/18/2016,5251170,Purchase,$30.00,Gift Certificate
162,12/18/2016,5251261,Purchase,$20.00,Gift Certificate
228,12/19/2016,5262772,Purchase,$50.00,Gift Certificate
287,12/19/2016,5263031,Purchase,$30.00,Gift Certificate
99,12/20/2016,5264133,Purchase,$50.00,Gift Certificate
250,12/20/2016,5264149,Purchase,$40.00,Gift Certificate
185,12/20/2016,5264156,Purchase,$60.00,Gift Certificate
231,12/20/2016,5264156,Purchase,$40.00,Gift Certificate
167,12/20/2016,5264227,Purchase,$20.00,Gift Certificate
339,12/20/2016,5264321,Purchase,$50.00,Gift Membership
340,12/20/2016,5264321,Purchase,$50.00,Gift Membership
341,12/20/2016,5264321,Purchase,$50.00,Gift Membership
339,12/20/2016,5264321,Cancel Purchase,($50.00),Gift Membership
340,12/20/2016,5264321,Cancel Purchase,($50.00),Gift Membership
341,12/20/2016,5264321,Cancel Purchase,($50.00),Gift Membership
226,12/20/2016,5264707,Purchase,$25.00,Gift Certificate
192,12/21/2016,5265942,Purchase,$50.00,Gift Certificate
131,12/21/2016,5265947,Purchase,$50.00,Gift Certificate
131,12/21/2016,5265951,Payment,($23.50),Gift Certificate
131,12/21/2016,5265951,Refund,$23.50,Gift Certificate
131,12/21/2016,5265947,Cancel Purchase,($50.00),Gift Certificate
270,12/21/2016,5266468,Purchase,$20.00,Gift Certificate
189,12/22/2016,5267806,Purchase,$15.00,Gift Certificate
311,12/22/2016,5267806,Purchase,$15.00,Gift Certificate
93,12/22/2016,5267843,Purchase,$25.00,Gift Certificate
324,12/22/2016,5267857,Purchase,$25.00,Gift Certificate
201,12/22/2016,5268014,Purchase,$25.00,Gift Certificate
112,12/22/2016,5268123,Purchase,$50.00,Gift Certificate
247,12/22/2016,5268224,Purchase,$25.00,Gift Certificate
291,12/22/2016,5268225,Purchase,$25.00,Gift Certificate
247,12/22/2016,5268224,Cancel Purchase,($25.00),Gift Certificate
322,12/23/2016,5269093,Purchase,$50.00,Gift Certificate
200,12/23/2016,5269612,Purchase,$25.00,Gift Certificate
328,12/23/2016,5269612,Purchase,$25.00,Gift Certificate
177,12/23/2016,5269757,Purchase,$50.00,Gift Certificate
92,12/23/2016,5270115,Purchase,$25.00,Gift Certificate
134,12/24/2016,5271290,Purchase,$15.00,Gift Certificate
204,12/24/2016,5271295,Purchase,$25.00,Gift Certificate
152,12/24/2016,5271620,Purchase,$20.00,Gift Certificate
167,12/27/2016,5276303,Payment,($20.00),Gift Certificate
163,12/28/2016,5278057,Payment,($14.00),Gift Certificate
214,12/28/2016,5278158,Purchase,$30.00,Gift Certificate
314,12/31/2016,5283124,Purchase,$40.00,Gift Certificate
142,12/31/2016,5283345,Payment,($26.00),Gift Certificate
150,12/31/2016,5283349,Purchase,$5.00,Gift Certificate
150,12/31/2016,5283364,Payment,($5.00),Gift Certificate
291,1/1/2017,5284596,Payment,($11.00),Gift Certificate
304,1/2/2017,5286315,Purchase,$50.00,Gift Certificate
166,1/3/2017,5287911,Purchase,$25.00,Gift Certificate
235,1/3/2017,5287911,Purchase,$25.00,Gift Certificate
337,1/3/2017,5287911,Purchase,$25.00,Gift Certificate
200,1/3/2017,5287950,Payment,($25.00),Gift Certificate
233,1/4/2017,5288786,Purchase,$50.00,Gift Certificate
114,1/5/2017,5290669,Purchase,$50.00,Gift Certificate
234,1/6/2017,5291463,Purchase,$1.00,Gift Certificate
234,1/6/2017,5291465,Payment,($1.00),Gift Certificate
201,1/6/2017,5291804,Payment,($25.00),Gift Certificate
177,1/11/2017,5298719,Payment,($27.00),Gift Certificate
314,1/13/2017,5302734,Payment,($12.75),Gift Certificate
160,1/19/2017,5321636,Payment,($9.75),Gift Certificate
192,1/21/2017,5325083,Payment,($12.25),Gift Certificate
228,1/21/2017,5325103,Payment,($20.00),Gift Certificate
319,1/21/2017,5325666,Payment,($30.00),Gift Certificate
327,1/21/2017,5325802,Payment,($16.00),Gift Certificate
239,1/25/2017,5331345,Purchase,$25.00,Gift Certificate
314,1/27/2017,5336038,Payment,($3.50),Gift Certificate
112,1/28/2017,5338858,Payment,($26.50),Gift Certificate
245,1/29/2017,5340804,Purchase,$30.00,Gift Certificate
314,2/3/2017,5350190,Payment,($8.00),Gift Certificate
112,2/8/2017,5357648,Payment,($5.00),Gift Certificate
138,2/11/2017,5362120,Payment,($10.00),Gift Certificate
287,2/11/2017,5362140,Payment,($15.00),Gift Certificate
291,2/11/2017,5362532,Payment,($8.25),Gift Certificate
160,2/11/2017,5362931,Payment,($9.75),Gift Certificate
114,2/12/2017,5363925,Payment,($25.00),Gift Certificate
287,2/13/2017,5365940,Payment,($8.00),Gift Certificate
301,2/13/2017,5366028,Purchase,$20.00,Gift Certificate
116,2/15/2017,5368629,Payment,($16.50),Gift Certificate
291,2/17/2017,5371075,Payment,($5.75),Gift Certificate
228,2/18/2017,5373399,Payment,($15.00),Gift Certificate
119,2/20/2017,5376673,Payment,($21.75),Gift Certificate
180,2/21/2017,5377729,Purchase,$1.00,Gift Certificate
180,2/21/2017,5377732,Payment,($1.00),Gift Certificate
192,2/26/2017,5386722,Payment,($12.25),Gift Certificate
92,2/26/2017,5386750,Payment,($17.25),Gift Certificate
225,2/26/2017,5386861,Purchase,$25.00,Gift Certificate
148,2/26/2017,5386870,Purchase,$20.00,Gift Certificate
165,2/26/2017,5386884,Purchase,$20.00,Gift Certificate
95,2/27/2017,5387812,Purchase,$1.00,Gift Certificate
95,2/27/2017,5387818,Payment,($1.00),Gift Certificate
133,3/1/2017,5390701,Purchase,$25.00,Gift Certificate
280,3/1/2017,5390701,Purchase,$25.00,Gift Certificate
165,3/3/2017,5393583,Payment,($20.00),Gift Certificate
290,3/3/2017,5394029,Purchase,$25.00,Gift Certificate
206,3/4/2017,5396295,Payment,($19.50),Gift Certificate
163,3/9/2017,5402066,Payment,($6.00),Gift Certificate
263,3/10/2017,5403148,Purchase,$10.00,Gift Certificate
281,3/10/2017,5403306,Payment,($7.50),Gift Certificate
189,3/10/2017,5403335,Payment,($15.00),Gift Certificate
287,3/10/2017,5403623,Payment,($7.00),Gift Certificate
315,3/13/2017,5407217,Purchase,$25.00,Gift Certificate
327,3/18/2017,5412310,Payment,($16.00),Gift Certificate
192,3/20/2017,5424445,Payment,($13.75),Gift Certificate
101,3/24/2017,5428140,Purchase,$30.00,Gift Certificate
208,3/24/2017,5428345,Purchase,$30.00,Gift Certificate
154,3/25/2017,5429886,Payment,($7.50),Gift Certificate
133,3/26/2017,5431598,Payment,($15.00),Gift Certificate
133,3/29/2017,5435126,Payment,($10.00),Gift Certificate
250,3/29/2017,5435126,Payment,($10.00),Gift Certificate
258,3/31/2017,5437398,Purchase,$30.00,Gift Certificate
253,4/1/2017,5438515,Payment,($24.00),Gift Certificate
174,4/4/2017,5442768,Purchase,$20.00,Gift Certificate
257,4/4/2017,5442768,Purchase,$10.00,Gift Certificate
328,4/8/2017,5449739,Payment,($19.50),Gift Certificate
258,4/8/2017,5450052,Payment,($19.50),Gift Certificate
228,4/22/2017,5480496,Payment,($15.00),Gift Certificate
146,4/22/2017,5480796,Purchase,$50.00,Gift Certificate
113,4/29/2017,5498740,Purchase,$20.00,Gift Certificate
220,5/2/2017,5506735,Purchase,$40.00,Gift Certificate
220,5/7/2017,5514194,Payment,($8.25),Gift Certificate
192,5/12/2017,5523787,Payment,($11.75),Gift Certificate
97,5/12/2017,5523878,Purchase,$40.00,Gift Certificate
237,5/15/2017,5538001,Purchase,$25.00,Gift Certificate
279,5/15/2017,5538179,Purchase,$10.00,Gift Certificate
143,5/17/2017,5539845,Purchase,$30.00,Gift Certificate
236,5/18/2017,5541049,Purchase,$20.00,Gift Certificate
155,5/19/2017,5542014,Purchase,$20.00,Gift Certificate
183,5/19/2017,5542844,Payment,($11.50),Gift Certificate
315,5/20/2017,5543901,Payment,($15.00),Gift Certificate
143,5/24/2017,5548265,Payment,($15.75),Gift Certificate
143,5/28/2017,5554526,Payment,($7.50),Gift Certificate
283,5/28/2017,5554995,Purchase,$20.00,Gift Certificate
101,5/30/2017,5557602,Payment,($12.00),Gift Certificate
219,5/31/2017,5569113,Purchase,$50.00,Gift Certificate
120,6/4/2017,5574532,Purchase,$40.00,Gift Certificate
259,6/4/2017,5574770,Purchase,$20.00,Gift Certificate
253,6/4/2017,5575164,Payment,($1.00),Gift Certificate
315,6/4/2017,5575164,Payment,($10.00),Gift Certificate
328,6/5/2017,5576583,Payment,($5.50),Gift Certificate
185,6/9/2017,5581767,Payment,($7.50),Gift Certificate
127,6/10/2017,5583565,Purchase,$51.00,Gift Certificate
327,6/10/2017,5583751,Payment,($18.00),Gift Certificate
188,6/13/2017,5587124,Purchase,$30.00,Gift Certificate
250,6/13/2017,5587155,Payment,($7.50),Gift Certificate
127,6/19/2017,5607040,Payment,($23.75),Gift Certificate
250,6/23/2017,5612067,Payment,($7.50),Gift Certificate
204,6/24/2017,5615456,Payment,($20.00),Gift Certificate
169,6/28/2017,5620444,Purchase,$50.00,Gift Certificate
155,6/28/2017,5620979,Payment,($20.00),Gift Certificate
220,6/28/2017,5621185,Payment,($13.00),Gift Certificate
178,6/29/2017,5622004,Purchase,$20.00,Gift Certificate
208,6/30/2017,5623766,Payment,($27.00),Gift Certificate
183,7/1/2017,5625935,Payment,($7.50),Gift Certificate
183,7/1/2017,5625940,Payment,($1.00),Gift Certificate
185,7/2/2017,5628294,Payment,($7.50),Gift Certificate
263,7/2/2017,5628800,Payment,($10.00),Gift Certificate
276,7/4/2017,5632791,Purchase,$20.00,Gift Certificate
295,7/7/2017,5637792,Purchase,$16.00,Gift Certificate
232,7/8/2017,5639688,Purchase,$25.00,Gift Certificate
325,7/15/2017,5654239,Purchase,$40.00,Gift Certificate
236,7/16/2017,5656384,Payment,($7.50),Gift Certificate
208,7/16/2017,5656386,Payment,($3.00),Gift Certificate
160,7/16/2017,5656776,Payment,($5.50),Gift Certificate
185,7/18/2017,5669402,Payment,($16.50),Gift Certificate
338,7/19/2017,5670582,Purchase,$1.00,Gift Certificate
338,7/19/2017,5670583,Payment,($1.00),Gift Certificate
338,7/19/2017,5670583,Refund,$1.00,Gift Certificate
338,7/19/2017,5670599,Payment,($1.00),Gift Certificate
283,7/20/2017,5672727,Payment,($16.25),Gift Certificate
127,7/24/2017,5680229,Payment,($17.75),Gift Certificate
126,7/26/2017,5683318,Purchase,$15.00,Gift Certificate
188,7/28/2017,5686689,Payment,($8.25),Gift Certificate
188,7/28/2017,5687047,Payment,($8.25),Gift Certificate
188,7/28/2017,5687052,Payment,($8.25),Gift Certificate
127,8/4/2017,5698049,Payment,($9.50),Gift Certificate
224,8/10/2017,5706216,Purchase,$20.00,Gift Certificate
251,8/10/2017,5706217,Purchase,$20.00,Gift Certificate
325,8/19/2017,5731578,Payment,($26.25),Gift Certificate
107,8/23/2017,5737646,Purchase,$25.00,Gift Certificate
277,8/23/2017,5737647,Purchase,$25.00,Gift Certificate
107,8/29/2017,5748273,Payment,($11.75),Gift Certificate
107,8/29/2017,5748504,Payment,($9.75),Gift Certificate
196,9/1/2017,5753613,Purchase,$20.00,Gift Certificate
196,9/3/2017,5758107,Payment,($15.00),Gift Certificate
154,9/10/2017,5772183,Payment,($7.50),Gift Certificate
204,9/11/2017,5774279,Payment,($5.00),Gift Certificate
277,9/11/2017,5774520,Payment,($13.00),Gift Certificate
314,9/11/2017,5774567,Payment,($10.00),Gift Certificate
268,9/12/2017,5776680,Purchase,$10.00,Gift Certificate
277,9/12/2017,5776787,Payment,($12.00),Gift Certificate
107,9/12/2017,5776799,Payment,($3.50),Gift Certificate
159,9/13/2017,5778329,Purchase,$100.00,Gift Certificate
108,9/15/2017,5783072,Purchase,$50.00,Gift Certificate
108,9/16/2017,5785933,Payment,($8.25),Gift Certificate
146,9/17/2017,5790363,Payment,($28.00),Gift Certificate
185,9/18/2017,5802241,Payment,($24.00),Gift Certificate
240,9/19/2017,5804920,Purchase,$20.00,Gift Certificate
279,9/20/2017,5807321,Payment,($10.00),Gift Certificate
111,10/2/2017,5849415,Purchase,$20.00,Gift Certificate
179,10/5/2017,5856195,Payment,($25.00),Gift Certificate
231,10/5/2017,5856233,Payment,($33.00),Gift Certificate
297,10/6/2017,5858349,Payment,($15.00),Gift Certificate
193,10/6/2017,5858465,Payment,($18.25),Gift Certificate
231,10/8/2017,5866061,Payment,($7.00),Gift Certificate
236,10/11/2017,5874495,Payment,($10.00),Gift Certificate
226,10/12/2017,5879521,Payment,($20.00),Gift Certificate
226,10/12/2017,5879527,Payment,($5.00),Gift Certificate
230,10/17/2017,5909518,Purchase,$30.00,Gift Certificate
295,10/22/2017,5932128,Payment,($16.00),Gift Certificate
245,11/1/2017,5962855,Payment,($17.75),Gift Certificate
276,11/1/2017,5963680,Payment,($16.00),Gift Certificate
191,11/3/2017,5980408,Purchase,$10.00,Gift Certificate
245,11/5/2017,5985508,Payment,($8.25),Gift Certificate
123,11/6/2017,5990267,Purchase,$19.50,Gift Certificate
164,11/6/2017,5990267,Purchase,$19.50,Gift Certificate
184,11/6/2017,5990267,Purchase,$19.50,Gift Certificate
120,11/11/2017,6011259,Payment,($23.50),Gift Certificate
325,11/12/2017,6018221,Payment,($13.75),Gift Certificate
117,11/13/2017,6021056,Purchase,$30.00,Gift Certificate
104,11/13/2017,6022256,Purchase,$14.00,Gift Certificate
145,11/13/2017,6022256,Purchase,$14.00,Gift Certificate
170,11/13/2017,6022256,Purchase,$14.00,Gift Certificate
256,11/13/2017,6022256,Purchase,$14.00,Gift Certificate
274,11/13/2017,6022256,Purchase,$14.00,Gift Certificate
292,11/13/2017,6022256,Purchase,$14.00,Gift Certificate
310,11/13/2017,6022256,Purchase,$14.00,Gift Certificate
317,11/13/2017,6022256,Purchase,$14.00,Gift Certificate
111,11/21/2017,6057499,Payment,($17.75),Gift Certificate
111,11/25/2017,6070559,Payment,($2.25),Gift Certificate
308,11/30/2017,6082102,Purchase,$25.00,Gift Certificate
110,12/1/2017,6085875,Purchase,$40.00,Gift Certificate
305,12/6/2017,6102378,Purchase,$50.00,Gift Certificate
117,12/6/2017,6103281,Payment,($30.00),Gift Certificate
336,12/7/2017,6105875,Purchase,$50.00,Gift Certificate
207,12/7/2017,6106364,Payment,($21.50),Gift Certificate
122,12/9/2017,6112623,Purchase,$20.00,Gift Certificate
198,12/9/2017,6112825,Purchase,$20.00,Gift Certificate
217,12/10/2017,6115749,Purchase,$50.00,Gift Certificate
212,12/10/2017,6117479,Purchase,$20.00,Gift Certificate
205,12/11/2017,6118010,Purchase,$50.00,Gift Certificate
105,12/11/2017,6118016,Purchase,$40.00,Gift Certificate
298,12/12/2017,6120749,Purchase,$30.00,Gift Certificate
125,12/12/2017,6120946,Purchase,$25.00,Gift Certificate
137,12/12/2017,6121003,Purchase,$25.00,Gift Certificate
181,12/12/2017,6121064,Purchase,$25.00,Gift Certificate
288,12/14/2017,6125742,Purchase,$50.00,Gift Certificate
221,12/14/2017,6125855,Purchase,$15.00,Gift Certificate
316,12/14/2017,6125855,Purchase,$20.00,Gift Certificate
320,12/14/2017,6125855,Purchase,$20.00,Gift Certificate
261,12/15/2017,6128839,Purchase,$35.00,Gift Certificate
243,12/15/2017,6128842,Purchase,$30.00,Gift Certificate
103,12/16/2017,6133420,Purchase,$25.00,Gift Certificate
272,12/16/2017,6133579,Purchase,$25.00,Gift Certificate
211,12/16/2017,6134463,Purchase,$50.00,Gift Certificate
137,12/16/2017,6135549,Payment,($19.50),Gift Certificate
209,12/18/2017,6151201,Purchase,$30.00,Gift Certificate
293,12/18/2017,6151209,Purchase,$30.00,Gift Certificate
222,12/18/2017,6152161,Purchase,$25.00,Gift Certificate
102,12/19/2017,6154337,Purchase,$25.00,Gift Certificate
302,12/19/2017,6154420,Purchase,$20.00,Gift Certificate
326,12/20/2017,6157217,Purchase,$25.00,Gift Certificate
227,12/21/2017,6160512,Purchase,$20.00,Gift Certificate
266,12/21/2017,6160512,Purchase,$20.00,Gift Certificate
282,12/21/2017,6160612,Purchase,$40.00,Gift Certificate
300,12/21/2017,6161083,Purchase,$20.00,Gift Certificate
221,12/21/2017,6161393,Payment,($13.25),Gift Certificate
323,12/21/2017,6161462,Purchase,$25.00,Gift Certificate
273,12/21/2017,6161635,Purchase,$20.00,Gift Certificate
242,12/21/2017,6161773,Purchase,$20.00,Gift Certificate
246,12/21/2017,6161773,Purchase,$20.00,Gift Certificate
330,12/21/2017,6161773,Purchase,$20.00,Gift Certificate
241,12/22/2017,6164290,Purchase,$25.00,Gift Certificate
275,12/22/2017,6164295,Purchase,$25.00,Gift Certificate
129,12/22/2017,6164436,Purchase,$50.00,Gift Certificate
109,12/22/2017,6164503,Purchase,$30.00,Gift Certificate
262,12/22/2017,6165657,Purchase,$10.00,Gift Certificate
255,12/22/2017,6165746,Purchase,$50.00,Gift Certificate
153,12/23/2017,6168514,Purchase,$25.00,Gift Certificate
285,12/23/2017,6168947,Purchase,$30.00,Gift Certificate
171,12/23/2017,6169115,Purchase,$9.75,Gift Certificate
334,12/23/2017,6169115,Purchase,$9.75,Gift Certificate
186,12/23/2017,6169411,Purchase,$10.00,Gift Certificate
161,12/23/2017,6169495,Purchase,$20.00,Gift Certificate
313,12/23/2017,6169504,Purchase,$20.00,Gift Certificate
218,12/23/2017,6170245,Purchase,$30.00,Gift Certificate
335,12/23/2017,6170878,Purchase,$25.00,Gift Certificate
299,12/24/2017,6172012,Purchase,$40.00,Gift Certificate
103,12/24/2017,6173034,Payment,($7.50),Gift Certificate
132,12/24/2017,6173157,Purchase,$50.00,Gift Certificate
275,12/27/2017,6183894,Payment,($3.00),Gift Certificate
275,12/27/2017,6183926,Payment,($3.00),Gift Certificate
267,12/30/2017,6193148,Purchase,$20.00,Gift Certificate
255,12/30/2017,6193605,Payment,($11.75),Gift Certificate
142,12/30/2017,6194649,Payment,($4.00),Gift Certificate
282,12/30/2017,6195742,Payment,($40.00),Gift Certificate
275,12/30/2017,6196396,Payment,($3.00),Gift Certificate
278,12/31/2017,6198732,Purchase,$45.00,Gift Certificate
284,1/1/2018,6199970,Purchase,$60.00,Gift Certificate
272,1/7/2018,6223469,Payment,($16.25),Gift Certificate
284,1/20/2018,6266748,Payment,($7.50),Gift Certificate
278,1/20/2018,6268057,Payment,($22.50),Gift Certificate
110,1/25/2018,6294602,Payment,($9.75),Gift Certificate
255,1/27/2018,6301893,Payment,($16.75),Gift Certificate
261,1/27/2018,6303747,Payment,($15.00),Gift Certificate
227,1/28/2018,6307202,Payment,($20.00),Gift Certificate
222,2/2/2018,6326517,Payment,($25.00),Gift Certificate
255,2/2/2018,6326541,Payment,($16.50),Gift Certificate
255,2/3/2018,6329413,Payment,($5.00),Gift Certificate
326,2/3/2018,6330754,Payment,($22.50),Gift Certificate
243,2/3/2018,6332038,Payment,($30.00),Gift Certificate
114,2/4/2018,6334249,Payment,($19.00),Gift Certificate
97,2/4/2018,6334304,Payment,($15.00),Gift Certificate
305,2/4/2018,6334921,Payment,($15.00),Gift Certificate
186,2/5/2018,6336670,Payment,($10.00),Gift Certificate
220,2/6/2018,6337811,Payment,($8.25),Gift Certificate
209,2/6/2018,6338346,Payment,($26.50),Gift Certificate
275,2/7/2018,6340128,Payment,($11.00),Gift Certificate
275,2/7/2018,6340478,Payment,($5.00),Gift Certificate
273,2/13/2018,6357630,Payment,($16.00),Gift Certificate
261,2/14/2018,6359193,Payment,($15.00),Gift Certificate
211,2/17/2018,6369642,Payment,($17.75),Gift Certificate
110,2/20/2018,6378358,Payment,($9.50),Gift Certificate
154,2/24/2018,6387179,Payment,($7.50),Gift Certificate
120,2/27/2018,6395505,Payment,($16.50),Gift Certificate
259,2/27/2018,6395505,Payment,($6.50),Gift Certificate
321,3/4/2018,6408349,Purchase,$25.00,Gift Certificate
136,3/10/2018,6424459,Purchase,$25.00,Gift Certificate
118,3/11/2018,6426127,Purchase,$20.00,Gift Certificate
100,3/13/2018,6430790,Purchase,$20.00,Gift Certificate
187,3/17/2018,6441497,Purchase,$20.00,Gift Certificate
256,3/18/2018,6443943,Payment,($14.00),Gift Certificate
145,3/18/2018,6443944,Payment,($5.00),Gift Certificate
145,3/18/2018,6443950,Payment,($9.00),Gift Certificate
285,3/22/2018,6450770,Payment,($8.50),Gift Certificate
276,3/25/2018,6461193,Payment,($4.00),Gift Certificate
278,3/25/2018,6461193,Payment,($16.75),Gift Certificate
278,3/25/2018,6461265,Payment,($5.75),Gift Certificate
261,3/25/2018,6462086,Payment,($5.00),Gift Certificate
314,3/30/2018,6482422,Payment,($4.50),Gift Certificate
151,3/31/2018,6483637,Purchase,$10.00,Gift Certificate
244,3/31/2018,6483637,Purchase,$10.00,Gift Certificate
248,3/31/2018,6483637,Purchase,$10.00,Gift Certificate
252,3/31/2018,6483637,Purchase,$10.00,Gift Certificate
254,3/31/2018,6483637,Purchase,$10.00,Gift Certificate
264,3/31/2018,6483637,Purchase,$10.00,Gift Certificate
207,4/5/2018,6506483,Payment,($3.50),Gift Certificate
335,4/5/2018,6506483,Payment,($2.25),Gift Certificate
285,4/7/2018,6513757,Payment,($4.50),Gift Certificate
235,4/7/2018,6513852,Payment,($25.00),Gift Certificate
285,4/7/2018,6515502,Payment,($5.00),Gift Certificate
336,4/9/2018,6519990,Payment,($31.00),Gift Certificate
144,4/11/2018,6523647,Purchase,$40.00,Gift Certificate
98,4/11/2018,6523844,Purchase,$33.33,Gift Certificate
216,4/11/2018,6523844,Purchase,$33.33,Gift Certificate
286,4/11/2018,6523844,Purchase,$33.33,Gift Certificate
251,4/15/2018,6535335,Payment,($20.00),Gift Certificate
114,4/15/2018,6535956,Payment,($6.00),Gift Certificate
305,4/15/2018,6535984,Payment,($20.00),Gift Certificate
198,4/17/2018,6549686,Payment,($20.00),Gift Certificate
252,4/20/2018,6560070,Payment,($10.00),Gift Certificate
94,4/21/2018,6564425,Purchase,$50.00,Gift Certificate
144,4/27/2018,6583505,Payment,($40.00),Gift Certificate
333,5/1/2018,6596409,Purchase,$25.00,Gift Certificate
220,5/1/2018,6596475,Payment,($8.50),Gift Certificate
147,5/2/2018,6598110,Purchase,$50.00,Gift Certificate
323,5/5/2018,6606052,Payment,($8.00),Gift Certificate
154,5/6/2018,6608284,Payment,($2.50),Gift Certificate
259,5/8/2018,6613434,Payment,($13.50),Gift Certificate
182,5/10/2018,6618834,Purchase,$100.00,Gift Certificate
331,5/13/2018,6630051,Purchase,$25.00,Gift Certificate
333,5/16/2018,6648413,Payment,($25.00),Gift Certificate
249,5/17/2018,6650457,Purchase,$30.00,Gift Certificate
187,5/20/2018,6661350,Payment,($8.75),Gift Certificate
218,5/21/2018,6663667,Payment,($16.00),Gift Certificate
285,5/23/2018,6667532,Payment,($4.50),Gift Certificate
240,5/25/2018,6671628,Payment,($20.00),Gift Certificate
336,5/25/2018,6671752,Payment,($19.00),Gift Certificate
326,5/26/2018,6673239,Payment,($2.50),Gift Certificate
110,5/26/2018,6675461,Payment,($9.50),Gift Certificate
267,5/27/2018,6677817,Payment,($12.00),Gift Certificate
316,5/29/2018,6683189,Payment,($16.50),Gift Certificate
305,5/30/2018,6684503,Payment,($15.00),Gift Certificate
248,6/3/2018,6696135,Payment,($7.50),Gift Certificate
254,6/3/2018,6696135,Payment,($10.00),Gift Certificate
110,6/3/2018,6696936,Payment,($10.25),Gift Certificate
220,6/5/2018,6700826,Payment,($2.00),Gift Certificate
130,6/5/2018,6700884,Purchase,$20.00,Gift Certificate
139,6/7/2018,6704871,Purchase,$50.00,Gift Certificate
130,6/7/2018,6705395,Payment,($13.25),Gift Certificate
103,6/9/2018,6709913,Payment,($8.75),Gift Certificate
244,6/10/2018,6712825,Payment,($8.00),Gift Certificate
244,6/10/2018,6712831,Payment,($2.00),Gift Certificate
225,6/12/2018,6717343,Payment,($25.00),Gift Certificate
172,6/20/2018,6746442,Purchase,$30.00,Gift Certificate
284,6/21/2018,6749147,Payment,($8.00),Gift Certificate
139,6/27/2018,6768317,Payment,($16.00),Gift Certificate
139,6/27/2018,6768425,Payment,($5.00),Gift Certificate
121,7/3/2018,6788170,Purchase,$25.00,Gift Certificate
232,7/3/2018,6790081,Payment,($17.00),Gift Certificate
307,7/5/2018,6795362,Purchase,$10.00,Gift Certificate
318,7/5/2018,6795364,Purchase,$10.00,Gift Certificate
306,7/5/2018,6796526,Purchase,$25.00,Gift Certificate
173,7/6/2018,6798626,Purchase,$10.00,Gift Certificate
202,7/6/2018,6798626,Purchase,$10.00,Gift Certificate
169,7/7/2018,6803126,Payment,($11.50),Gift Certificate
173,7/11/2018,6814732,Payment,($10.00),Gift Certificate
202,7/11/2018,6814732,Payment,($10.00),Gift Certificate
153,7/14/2018,6824729,Payment,($25.00),Gift Certificate
103,7/22/2018,6852956,Payment,($8.00),Gift Certificate
121,7/27/2018,6869599,Payment,($16.00),Gift Certificate
139,7/30/2018,6882799,Payment,($29.00),Gift Certificate
238,7/31/2018,6885087,Purchase,$20.00,Gift Certificate
238,7/31/2018,6885087,Cancel Purchase,($20.00),Gift Certificate
303,7/31/2018,6885147,Purchase,$5.00,Gift Certificate
98,8/1/2018,6889372,Payment,($20.00),Gift Certificate
121,8/3/2018,6895658,Payment,($9.00),Gift Certificate
284,8/3/2018,6895804,Payment,($8.00),Gift Certificate
172,8/3/2018,6896716,Payment,($16.00),Gift Certificate
284,8/4/2018,6901353,Payment,($8.00),Gift Certificate
296,8/5/2018,6904766,Purchase,$25.00,Gift Certificate
332,8/7/2018,6910816,Purchase,$20.00,Gift Certificate
296,8/7/2018,6911549,Payment,($25.00),Gift Certificate
332,8/15/2018,6938419,Payment,($8.75),Gift Certificate
182,8/17/2018,6945966,Payment,($17.50),Gift Certificate
115,8/17/2018,6946879,Purchase,$20.00,Gift Certificate
306,8/19/2018,6979186,Payment,($16.00),Gift Certificate
335,8/21/2018,6992795,Payment,($20.50),Gift Certificate
172,8/24/2018,7027827,Payment,($14.00),Gift Certificate
371,8/29/2018,7066256,Purchase,$20.00,Gift Certificate
309,9/1/2018,7079715,Purchase,$25.00,Gift Certificate
135,9/4/2018,7089896,Purchase,$20.00,Gift Certificate
175,9/9/2018,7107158,Purchase,$25.00,Gift Certificate
98,9/10/2018,7110614,Payment,($13.33),Gift Certificate
250,9/10/2018,7110701,Payment,($8.25),Gift Certificate
294,9/16/2018,7130930,Purchase,$50.00,Gift Certificate
203,9/17/2018,7134083,Purchase,$50.00,Gift Certificate
101,9/21/2018,7147031,Payment,($16.50),Gift Certificate
101,9/21/2018,7147101,Payment,($1.50),Gift Certificate
267,9/22/2018,7149704,Payment,($8.00),Gift Certificate
284,9/23/2018,7154634,Payment,($8.00),Gift Certificate
158,9/28/2018,7169536,Purchase,$100.00,Gift Certificate
156,9/29/2018,7173754,Purchase,$30.00,Gift Certificate
143,10/2/2018,7184048,Payment,($6.75),Gift Certificate
284,10/7/2018,7205105,Payment,($8.00),Gift Certificate
332,10/9/2018,7213902,Payment,($10.00),Gift Certificate
332,10/9/2018,7214442,Payment,($1.25),Gift Certificate
203,10/10/2018,7217674,Payment,($10.00),Gift Certificate
265,10/18/2018,7261996,Purchase,$25.00,Gift Certificate
284,10/21/2018,7280746,Payment,($12.50),Gift Certificate
175,10/27/2018,7310155,Payment,($20.00),Gift Certificate
22,11/6/2018,7357227,Purchase,$25.00,Gift Card
16,11/7/2018,7362454,Purchase,$20.00,Gift Card
175,11/11/2018,7391080,Payment,($5.00),Gift Certificate
82,11/15/2018,7408160,Purchase,$10.00,Gift Card
354,11/15/2018,7408646,Purchase,$10.00,Gift Card
355,11/15/2018,7408646,Purchase,$10.00,Gift Card
216,11/16/2018,7413040,Payment,($8.25),Gift Certificate
40,11/17/2018,7418093,Purchase,$20.00,Gift Card
81,11/17/2018,7418126,Purchase,$10.00,Gift Card
81,11/17/2018,7418146,Payment,($10.00),Gift Card
40,11/17/2018,7418093,Cancel Purchase,($20.00),Gift Card
40,11/17/2018,7418316,Recharge,$20.00,Gift Card
205,11/18/2018,7423077,Payment,($20.00),Gift Certificate
205,11/18/2018,7423211,Payment,($6.50),Gift Certificate
382,11/21/2018,7429619,Purchase,$30.00,Gift Card
71,11/24/2018,7443659,Purchase,$10.00,Gift Card
396,11/25/2018,7450600,Purchase,$25.00,Gift Card
6,11/30/2018,7468207,Purchase,$25.00,Gift Card
11,11/30/2018,7468207,Purchase,$25.00,Gift Card
14,11/30/2018,7468207,Purchase,$25.00,Gift Card
15,11/30/2018,7468207,Purchase,$25.00,Gift Card
19,11/30/2018,7468207,Purchase,$25.00,Gift Card
20,11/30/2018,7468207,Purchase,$25.00,Gift Card
23,11/30/2018,7468207,Purchase,$25.00,Gift Card
25,11/30/2018,7468207,Purchase,$25.00,Gift Card
29,11/30/2018,7468207,Purchase,$25.00,Gift Card
36,11/30/2018,7468207,Purchase,$25.00,Gift Card
42,11/30/2018,7468207,Purchase,$25.00,Gift Card
49,11/30/2018,7468207,Purchase,$25.00,Gift Card
54,11/30/2018,7468207,Purchase,$25.00,Gift Card
68,11/30/2018,7468207,Purchase,$25.00,Gift Card
72,11/30/2018,7468207,Purchase,$25.00,Gift Card
74,11/30/2018,7468207,Purchase,$25.00,Gift Card
88,11/30/2018,7468207,Purchase,$25.00,Gift Card
91,11/30/2018,7468207,Purchase,$25.00,Gift Card
8,12/1/2018,7474118,Purchase,$40.00,Gift Card
350,12/2/2018,7480245,Purchase,$60.00,Gift Card
386,12/2/2018,7480741,Purchase,$50.00,Gift Card
387,12/2/2018,7480741,Purchase,$50.00,Gift Card
18,12/5/2018,7491224,Purchase,$10.00,Gift Card
374,12/5/2018,7491356,Purchase,$50.00,Gift Card
33,12/9/2018,7509425,Purchase,$25.00,Gift Card
366,12/10/2018,7513106,Purchase,$50.00,Gift Card
353,12/11/2018,7514773,Purchase,$50.00,Gift Card
27,12/12/2018,7519844,Purchase,$50.00,Gift Card
16,12/12/2018,7519890,Payment,($17.50),Gift Card
10,12/12/2018,7520668,Purchase,$50.00,Gift Card
370,12/14/2018,7525888,Purchase,$50.00,Gift Membership
53,12/14/2018,7528893,Purchase,$15.00,Gift Card
77,12/15/2018,7533397,Purchase,$50.00,Gift Card
370,12/16/2018,7537052,Payment,($50.00),Gift Membership
57,12/16/2018,7538762,Purchase,$25.00,Gift Card
38,12/16/2018,7538764,Purchase,$25.00,Gift Card
41,12/16/2018,7541106,Purchase,$30.00,Gift Card
9,12/17/2018,7543076,Purchase,$20.00,Gift Card
83,12/17/2018,7543684,Purchase,$25.00,Gift Card
62,12/18/2018,7546813,Purchase,$20.00,Gift Card
63,12/18/2018,7547463,Purchase,$20.00,Gift Card
375,12/19/2018,7548933,Purchase,$50.00,Gift Card
351,12/19/2018,7549099,Purchase,$50.00,Gift Membership
352,12/19/2018,7549099,Purchase,$50.00,Gift Membership
358,12/19/2018,7549608,Purchase,$25.00,Gift Card
17,12/19/2018,7550523,Purchase,$20.00,Gift Card
89,12/19/2018,7550584,Purchase,$50.00,Gift Card
59,12/19/2018,7550683,Purchase,$10.00,Gift Card
351,12/19/2018,7551793,Payment,($50.00),Gift Membership
352,12/19/2018,7551865,Payment,($50.00),Gift Membership
395,12/19/2018,7552150,Purchase,$25.00,Gift Card
60,12/20/2018,7553690,Purchase,$40.00,Gift Card
78,12/20/2018,7554670,Purchase,$20.00,Gift Card
376,12/20/2018,7555141,Purchase,$50.00,Gift Membership
376,12/21/2018,7556676,Payment,($50.00),Gift Membership
392,12/21/2018,7558841,Purchase,$25.00,Gift Card
90,12/21/2018,7559013,Purchase,$75.00,Gift Card
368,12/21/2018,7559452,Purchase,$25.00,Gift Card
76,12/21/2018,7559941,Purchase,$25.00,Gift Card
35,12/22/2018,7563466,Purchase,$50.00,Gift Card
66,12/22/2018,7564405,Purchase,$20.00,Gift Card
64,12/22/2018,7565000,Purchase,$75.00,Gift Card
80,12/22/2018,7565343,Purchase,$20.00,Gift Card
30,12/23/2018,7569567,Purchase,$10.00,Gift Card
349,12/23/2018,7569838,Purchase,$40.00,Gift Membership
1,12/23/2018,7570072,Purchase,$30.00,Gift Card
43,12/23/2018,7570206,Purchase,$50.00,Gift Card
61,12/23/2018,7570945,Purchase,$10.00,Gift Card
349,12/24/2018,7571923,Payment,($40.00),Gift Membership
31,12/24/2018,7572403,Purchase,$100.00,Gift Card
44,12/24/2018,7573277,Purchase,$50.00,Gift Card
48,12/24/2018,7573371,Purchase,$35.00,Gift Card
67,12/24/2018,7575364,Purchase,$50.00,Gift Card
69,12/27/2018,7587110,Purchase,$50.00,Gift Card
87,12/28/2018,7589634,Purchase,$20.00,Gift Card
62,12/28/2018,7590891,Payment,($8.00),Gift Card
65,12/29/2018,7596696,Purchase,$30.00,Gift Card
216,12/30/2018,7602364,Payment,($8.00),Gift Certificate
48,1/2/2019,7616386,Payment,($24.00),Gift Card
22,1/3/2019,7616933,Payment,($13.50),Gift Card
365,1/4/2019,7513106,Purchase,$50.00,Gift Card
366,1/4/2019,7513106,Cancel Purchase,($50.00),Gift Card
44,1/4/2019,7625190,Payment,($32.50),Gift Card
55,1/7/2019,7638748,Purchase,$50.00,Gift Card
5,1/8/2019,7642274,Purchase,$30.00,Gift Card
72,1/8/2019,7642950,Payment,($20.00),Gift Card
52,1/9/2019,7646227,Purchase,$100.00,Gift Card
285,1/9/2019,7647023,Payment,($7.50),Gift Certificate
297,1/10/2019,7650988,Payment,($5.00),Gift Certificate
20,1/12/2019,7660646,Payment,($15.75),Gift Card
320,1/13/2019,7665117,Payment,($12.50),Gift Certificate
67,1/14/2019,7668606,Payment,($8.00),Gift Card
67,1/14/2019,7668628,Payment,($4.00),Gift Card
67,1/14/2019,7668686,Payment,($8.00),Gift Card
10,1/14/2019,7669132,Payment,($37.00),Gift Card
72,1/17/2019,7679068,Payment,($5.00),Gift Card
236,1/18/2019,7681521,Payment,($2.50),Gift Certificate
7,1/18/2019,7682161,Purchase,$20.00,Gift Card
216,1/19/2019,7688701,Payment,($8.25),Gift Certificate
136,1/21/2019,7695438,Payment,($25.00),Gift Certificate
45,1/21/2019,7695999,Purchase,$40.00,Gift Card
38,1/24/2019,7706713,Payment,($16.00),Gift Card
91,1/26/2019,7717490,Payment,($10.00),Gift Card
20,1/26/2019,7717532,Payment,($8.25),Gift Card
19,1/26/2019,7717534,Payment,($10.00),Gift Card
91,1/26/2019,7717535,Payment,($7.00),Gift Card
89,1/27/2019,7721078,Payment,($13.75),Gift Card
28,2/2/2019,7743301,Purchase,$40.00,Gift Card
34,2/2/2019,7748026,Purchase,$20.00,Gift Card
77,2/3/2019,7751007,Payment,($16.00),Gift Card
40,2/3/2019,7751762,Payment,($8.75),Gift Card
177,2/4/2019,7753829,Payment,($21.00),Gift Certificate
177,2/4/2019,7753839,Payment,($2.00),Gift Certificate
47,2/6/2019,7759188,Purchase,$50.00,Gift Card
83,2/6/2019,7760183,Payment,($24.50),Gift Card
245,2/7/2019,7761870,Payment,($4.00),Gift Certificate
38,2/9/2019,7770317,Payment,($8.00),Gift Card
293,2/9/2019,7771760,Payment,($16.00),Gift Certificate
40,2/9/2019,7771832,Payment,($8.75),Gift Card
6,2/9/2019,7774882,Payment,($7.50),Gift Card
6,2/10/2019,7777334,Payment,($17.50),Gift Card
20,2/10/2019,7777367,Payment,($1.00),Gift Card
63,2/14/2019,7791266,Payment,($8.75),Gift Card
55,2/14/2019,7791863,Payment,($20.00),Gift Card
21,2/15/2019,7794584,Purchase,$40.00,Gift Card
84,2/15/2019,7794595,Purchase,$40.00,Gift Card
70,2/15/2019,7794597,Purchase,$40.00,Gift Card
71,2/16/2019,7800026,Payment,($8.00),Gift Card
45,2/16/2019,7800224,Payment,($24.00),Gift Card
45,2/16/2019,7803744,Payment,($11.00),Gift Card
62,2/16/2019,7803959,Payment,($12.00),Gift Card
71,2/17/2019,7807129,Payment,($2.00),Gift Card
63,2/17/2019,7808496,Payment,($8.00),Gift Card
22,2/17/2019,7809593,Payment,($6.00),Gift Card
22,2/18/2019,7813812,Payment,($5.50),Gift Card
158,2/21/2019,7821497,Payment,($20.50),Gift Certificate
216,2/22/2019,7827243,Payment,($8.25),Gift Certificate
346,3/1/2019,7849002,Purchase,$50.00,Gift Membership
24,3/1/2019,7850626,Purchase,$25.00,Gift Card
56,3/1/2019,7850626,Purchase,$10.00,Gift Card
58,3/1/2019,7850626,Purchase,$25.00,Gift Card
75,3/1/2019,7850626,Purchase,$10.00,Gift Card
77,3/3/2019,7858965,Payment,($16.00),Gift Card
44,3/3/2019,7859694,Payment,($10.00),Gift Card
44,3/3/2019,7859703,Payment,($7.50),Gift Card
346,3/3/2019,7859946,Payment,($50.00),Gift Membership
59,3/4/2019,7862264,Payment,($10.00),Gift Card
48,3/13/2019,7891542,Payment,($11.00),Gift Card
182,3/14/2019,7894587,Payment,($20.00),Gift Certificate
182,3/14/2019,7894598,Payment,($12.00),Gift Certificate
38,3/16/2019,7900031,Payment,($1.00),Gift Card
33,3/31/2019,7949957,Payment,($16.00),Gift Card
17,4/2/2019,7955519,Payment,($20.00),Gift Card
363,4/2/2019,7955758,Purchase,$10.00,Gift Card
364,4/2/2019,7955758,Purchase,$10.00,Gift Card
50,4/11/2019,7977091,Purchase,$50.00,Gift Card
4,4/11/2019,7977096,Purchase,$50.00,Gift Card
34,4/17/2019,7994584,Payment,($19.50),Gift Card
34,4/17/2019,7994614,Payment,($0.50),Gift Card
158,4/18/2019,7997884,Payment,($10.00),Gift Certificate
182,4/19/2019,8002358,Payment,($23.50),Gift Certificate
390,4/20/2019,8007118,Purchase,$25.00,Gift Card
55,4/21/2019,8008274,Payment,($19.25),Gift Card
51,4/26/2019,8022975,Purchase,$20.00,Gift Card
45,4/26/2019,8025438,Payment,($5.00),Gift Card
80,4/26/2019,8025449,Payment,($18.25),Gift Card
55,5/1/2019,8043196,Payment,($10.75),Gift Card
52,5/2/2019,8046105,Payment,($14.50),Gift Card
17,5/3/2019,8049574,Recharge,$15.00,Gift Card
31,5/4/2019,8052936,Payment,($8.75),Gift Card
31,5/4/2019,8052937,Payment,($5.00),Gift Card
32,5/6/2019,8059248,Purchase,$25.00,Gift Card
356,5/9/2019,8065488,Purchase,$50.00,Gift Card
32,5/9/2019,8066761,Payment,($23.00),Gift Card
13,5/10/2019,8067372,Purchase,$50.00,Gift Card
26,5/10/2019,8070103,Purchase,$40.00,Gift Card
391,5/12/2019,8075365,Purchase,$50.00,Gift Card
37,5/17/2019,8087622,Purchase,$30.00,Gift Card
31,5/21/2019,8098392,Payment,($20.00),Gift Card
91,6/1/2019,8128782,Payment,($8.00),Gift Card
360,6/4/2019,8136611,Purchase,$25.00,Gift Card
13,6/5/2019,8140428,Payment,($14.50),Gift Card
3,6/15/2019,8168241,Purchase,$10.00,Gift Card
39,6/15/2019,8168247,Purchase,$10.00,Gift Card
394,6/17/2019,8175450,Purchase,$50.00,Gift Card
37,6/18/2019,8178898,Payment,($10.00),Gift Card
85,6/23/2019,8193832,Purchase,$10.00,Gift Card
182,6/26/2019,8201539,Payment,($21.50),Gift Certificate
31,6/26/2019,8201553,Payment,($10.00),Gift Card
360,6/28/2019,8136611,Cancel Purchase,($25.00),Gift Card
361,6/28/2019,8136611,Purchase,$25.00,Gift Card
86,6/28/2019,8206875,Purchase,$25.00,Gift Card
86,6/28/2019,8207590,Payment,($24.50),Gift Card
342,6/29/2019,8211524,Purchase,$50.00,Gift Membership
77,6/30/2019,8215176,Payment,($16.00),Gift Card
342,7/2/2019,8220520,Payment,($50.00),Gift Membership
359,7/6/2019,8235746,Purchase,$40.00,Gift Membership
16,7/6/2019,8238699,Payment,($2.50),Gift Card
85,7/7/2019,8241110,Payment,($10.00),Gift Card
2,7/9/2019,8247434,Purchase,$35.00,Gift Card
359,7/10/2019,8235746,Cancel Purchase,($40.00),Gift Membership
369,7/17/2019,8275933,Purchase,$25.00,Gift Card
12,7/17/2019,8276198,Purchase,$25.00,Gift Card
2,7/19/2019,8284282,Payment,($12.25),Gift Card
76,7/20/2019,8288986,Payment,($16.00),Gift Card
79,7/20/2019,8290523,Purchase,$100.00,Gift Card
377,7/22/2019,8300444,Purchase,$10.00,Gift Card
378,7/22/2019,8300444,Purchase,$10.00,Gift Card
73,7/23/2019,8302203,Purchase,$16.50,Gift Card
10,7/26/2019,8313243,Payment,($13.00),Gift Card
18,7/26/2019,8313267,Payment,($10.00),Gift Card
35,7/26/2019,8313425,Payment,($27.25),Gift Card
46,7/27/2019,8316437,Purchase,$15.00,Gift Card
205,7/27/2019,8320287,Payment,($20.00),Gift Certificate
205,7/27/2019,8320294,Payment,($3.50),Gift Certificate
4,7/28/2019,8321771,Payment,($5.75),Gift Card
268,7/28/2019,8322958,Payment,($10.00),Gift Certificate