Order Date,Order Number,Buyer Type,Sales Line Type,Product Group,Product Name,Product SKU,Price Type,Quantity,Price,Sales Tax,Pay Methods
6/23/2016 5:56:54 PM,4913885,Web-Standard,Merchandise,Merchandise,Big Screen Noir Pass,Big Screen Noir Pass,Series Pass,1,$36.00,$0.00,Visa
6/23/2016 5:56:54 PM,4913885,Web-Standard,Merchandise,Merchandise,Big Screen Noir Pass,Big Screen Noir Pass,Series Pass,1,$36.00,$0.00,Visa
11/18/2018 2:09:13 PM,7421444,AMS-Box Office,Merchandise,Merchandise,T-Shirt,Art Theater Shirt,Member Shirt,1,$0.00,$0.00,
2/15/2019 2:13:24 PM,7795007,Web-Standard,Merchandise,Merchandise,Jewish Film Festival Pass,Jewish Film Festival Pass,Series Pass,1,$32.00,$0.00,Visa
3/3/2019 11:58:36 AM,7857559,Web-Standard,Merchandise,Merchandise,Jewish Film Festival Pass,Jewish Film Festival Pass,Series Pass,1,$32.00,$0.00,MasterCard
3/3/2019 11:58:36 AM,7857559,Web-Standard,Merchandise,Merchandise,Jewish Film Festival Pass,Jewish Film Festival Pass,Series Pass,1,$32.00,$0.00,MasterCard
2/22/2019 12:55:03 PM,7824416,Web-Standard,Merchandise,Merchandise,Jewish Film Festival Pass,Jewish Film Festival Pass,Series Pass,1,$32.00,$0.00,Visa
2/22/2019 12:55:03 PM,7824416,Web-Standard,Merchandise,Merchandise,Jewish Film Festival Pass,Jewish Film Festival Pass,Series Pass,1,$32.00,$0.00,Visa
6/30/2016 9:47:35 PM,4917785,Web-Standard,Merchandise,Merchandise,Big Screen Noir Pass,Big Screen Noir Pass,Series Pass,1,$36.00,$0.00,Visa
6/30/2016 3:34:48 PM,4917589,Web-Standard,Merchandise,Merchandise,Big Screen Noir Pass,Big Screen Noir Pass,Series Pass,1,$36.00,$0.00,Visa
4/8/2019 7:20:41 PM,7971779,AMS-Box Office,Merchandise,Merchandise,T-Shirt,Art Theater Shirt,Member Shirt,1,$0.00,$0.00,MasterCard
6/25/2016 8:26:53 PM,4915381,Web-Standard,Merchandise,Merchandise,Big Screen Noir Pass,Big Screen Noir Pass,Series Pass,1,$36.00,$0.00,Visa
6/25/2016 8:26:53 PM,4915381,Web-Standard,Merchandise,Merchandise,Big Screen Noir Pass,Big Screen Noir Pass,Series Pass,1,$36.00,$0.00,Visa
2/26/2019 11:43:16 AM,7840947,Web-Standard,Merchandise,Merchandise,Jewish Film Festival Pass,Jewish Film Festival Pass,Series Pass,1,$32.00,$0.00,MasterCard
9/26/2017 7:48:37 PM,5829928,AMS-Box Office,Merchandise,Merchandise,T-Shirt,Art Theater Shirt,Member Shirt,1,$0.00,$0.00,
2/21/2019 10:34:49 AM,7820023,Web-Standard,Merchandise,Merchandise,Jewish Film Festival Pass,Jewish Film Festival Pass,Series Pass,1,$32.00,$0.00,Visa
2/21/2019 10:34:49 AM,7820023,Web-Standard,Merchandise,Merchandise,Jewish Film Festival Pass,Jewish Film Festival Pass,Series Pass,1,$32.00,$0.00,Visa
6/28/2016 2:14:23 PM,4916552,Web-Standard,Merchandise,Merchandise,Big Screen Noir Pass,Big Screen Noir Pass,Series Pass,1,$36.00,$0.00,Visa
2/22/2019 3:19:55 PM,7825351,Web-Standard,Merchandise,Merchandise,Jewish Film Festival Pass,Jewish Film Festival Pass,Series Pass,1,$32.00,$0.00,Visa
2/22/2019 3:19:55 PM,7825351,Web-Standard,Merchandise,Merchandise,Jewish Film Festival Pass,Jewish Film Festival Pass,Series Pass,1,$32.00,$0.00,Visa
3/2/2019 3:46:02 PM,7854724,Web-Standard,Merchandise,Merchandise,Jewish Film Festival Pass,Jewish Film Festival Pass,Series Pass,1,$32.00,$0.00,MasterCard
2/18/2019 4:13:20 PM,7812764,Web-Standard,Merchandise,Merchandise,Jewish Film Festival Pass,Jewish Film Festival Pass,Series Pass,1,$32.00,$0.00,Visa
2/18/2019 4:13:20 PM,7812764,Web-Standard,Merchandise,Merchandise,Jewish Film Festival Pass,Jewish Film Festival Pass,Series Pass,1,$32.00,$0.00,Visa
6/25/2016 6:00:11 PM,4915215,Web-Standard,Merchandise,Merchandise,Big Screen Noir Pass,Big Screen Noir Pass,Series Pass,1,$36.00,$0.00,Visa
7/5/2016 3:02:21 PM,4919860,Web-Standard,Merchandise,Merchandise,Big Screen Noir Pass,Big Screen Noir Pass,Series Pass,1,$36.00,$0.00,Visa
7/1/2016 7:27:12 AM,4917823,Web-Standard,Merchandise,Merchandise,Big Screen Noir Pass,Big Screen Noir Pass,Series Pass,1,$36.00,$0.00,Visa
2/20/2019 8:01:06 PM,7819338,Web-Standard,Merchandise,Merchandise,Jewish Film Festival Pass,Jewish Film Festival Pass,Series Pass,1,$32.00,$0.00,MasterCard
9/23/2018 6:38:30 PM,7156404,AMS-Box Office,Merchandise,Merchandise,T-Shirt,Shocktober Bag,Shocktober Bag,1,$15.00,$0.00,Visa
6/22/2016 4:58:30 PM,4913238,Web-Standard,Merchandise,Merchandise,Big Screen Noir Pass,Big Screen Noir Pass,Series Pass,1,$36.00,$0.00,MasterCard
6/22/2016 4:58:30 PM,4913238,Web-Standard,Merchandise,Merchandise,Big Screen Noir Pass,Big Screen Noir Pass,Series Pass,1,$36.00,$0.00,MasterCard
9/8/2016 8:09:38 PM,5027604,AMS-Box Office,Merchandise,Merchandise,Poster,Poster,Poster,1,$10.00,$0.00,Visa
2/28/2019 1:47:56 PM,7846391,Web-Standard,Merchandise,Merchandise,Jewish Film Festival Pass,Jewish Film Festival Pass,Series Pass,1,$32.00,$0.00,MasterCard
6/22/2016 8:01:32 AM,4912907,Web-Standard,Merchandise,Merchandise,Big Screen Noir Pass,Big Screen Noir Pass,Series Pass,1,$36.00,$0.00,MasterCard
6/22/2016 8:01:32 AM,4912907,Web-Standard,Merchandise,Merchandise,Big Screen Noir Pass,Big Screen Noir Pass,Series Pass,1,$36.00,$0.00,MasterCard
2/28/2019 12:13:28 PM,7846055,Web-Standard,Merchandise,Merchandise,Jewish Film Festival Pass,Jewish Film Festival Pass,Series Pass,1,$32.00,$0.00,Visa
2/28/2019 12:13:28 PM,7846055,Web-Standard,Merchandise,Merchandise,Jewish Film Festival Pass,Jewish Film Festival Pass,Series Pass,1,$32.00,$0.00,Visa
2/19/2019 10:31:46 PM,7817078,Web-Standard,Merchandise,Merchandise,Jewish Film Festival Pass,Jewish Film Festival Pass,Series Pass,1,$32.00,$0.00,Discover
6/30/2016 6:14:47 PM,4917669,Web-Standard,Merchandise,Merchandise,Big Screen Noir Pass,Big Screen Noir Pass,Series Pass,1,$36.00,$0.00,Visa
2/26/2019 6:39:04 PM,7842311,Web-Standard,Merchandise,Merchandise,Jewish Film Festival Pass,Jewish Film Festival Pass,Series Pass,1,$32.00,$0.00,Visa
2/26/2019 6:39:04 PM,7842311,Web-Standard,Merchandise,Merchandise,Jewish Film Festival Pass,Jewish Film Festival Pass,Series Pass,1,$32.00,$0.00,Visa
2/26/2019 6:39:04 PM,7842311,Web-Standard,Merchandise,Merchandise,Jewish Film Festival Pass,Jewish Film Festival Pass,Series Pass,1,$32.00,$0.00,Visa
10/10/2017 9:50:20 PM,5872034,AMS-Box Office,Merchandise,Merchandise,T-Shirt,Art Theater Shirt,Member Shirt,1,$0.00,$0.00,
10/10/2017 9:50:44 PM,5872036,AMS-Box Office,Merchandise,Merchandise,T-Shirt,Art Theater Shirt,Member Shirt,1,$0.00,$0.00,
10/8/2018 2:56:53 PM,7209102,AMS-Box Office,Merchandise,Merchandise,T-Shirt,Art Theater Shirt,Member Shirt,1,$0.00,$0.00,
10/8/2018 2:56:53 PM,7209102,AMS-Box Office,Merchandise,Merchandise,T-Shirt,Art Theater Shirt,Member Shirt,1,$0.00,$0.00,
10/9/2017 3:12:19 PM,5868392,AMS-Box Office,Merchandise,Merchandise,T-Shirt,Art Theater Shirt,Member Shirt,1,$0.00,$0.00,
10/9/2017 3:13:32 PM,5868394,AMS-Box Office,Merchandise,Merchandise,T-Shirt,Art Theater Shirt,Member Shirt,1,$0.00,$0.00,
2/17/2019 11:37:38 AM,7806058,Web-Standard,Merchandise,Merchandise,Jewish Film Festival Pass,Jewish Film Festival Pass,Series Pass,1,$32.00,$0.00,Visa
6/27/2016 6:10:58 PM,4916216,Web-Standard,Merchandise,Merchandise,Big Screen Noir Pass,Big Screen Noir Pass,Series Pass,1,$36.00,$0.00,Visa
6/27/2016 6:10:58 PM,4916216,Web-Standard,Merchandise,Merchandise,Big Screen Noir Pass,Big Screen Noir Pass,Series Pass,1,$36.00,$0.00,Visa
6/27/2016 6:10:58 PM,4916216,Web-Standard,Merchandise,Merchandise,Big Screen Noir Pass,Big Screen Noir Pass,Series Pass,1,$36.00,$0.00,Visa
9/18/2016 3:23:37 PM,5044673,AMS-Box Office,Merchandise,Merchandise,T-Shirt,Art Theater Shirt,T-Shirt,1,$20.00,$0.00,Visa
9/18/2016 3:23:37 PM,5044673,AMS-Box Office,Merchandise,Merchandise,T-Shirt,Art Theater Shirt,T-Shirt,1,$20.00,$0.00,Visa
9/18/2016 3:23:37 PM,5044673,AMS-Box Office,Merchandise,Merchandise,T-Shirt,Art Theater Shirt,T-Shirt,1,$20.00,$0.00,Visa
3/1/2019 11:06:43 AM,7848680,Web-Standard,Merchandise,Merchandise,Jewish Film Festival Pass,Jewish Film Festival Pass,Series Pass,1,$32.00,$0.00,MasterCard
9/12/2018 2:44:24 PM,7115028,AMS-Box Office,Merchandise,Merchandise,T-Shirt,Art Theater Shirt,Member Shirt,1,$0.00,$0.00,
2/21/2019 11:48:24 AM,7820272,Web-Standard,Merchandise,Merchandise,Jewish Film Festival Pass,Jewish Film Festival Pass,Series Pass,1,$32.00,$0.00,Visa
7/5/2016 8:07:52 PM,4920071,Web-Standard,Merchandise,Merchandise,Big Screen Noir Pass,Big Screen Noir Pass,Series Pass,1,$36.00,$0.00,Visa
2/25/2019 10:15:17 AM,7838535,Web-Standard,Merchandise,Merchandise,Jewish Film Festival Pass,Jewish Film Festival Pass,Series Pass,1,$32.00,$0.00,MasterCard
2/25/2019 10:15:17 AM,7838535,Web-Standard,Merchandise,Merchandise,Jewish Film Festival Pass,Jewish Film Festival Pass,Series Pass,1,$32.00,$0.00,MasterCard
6/29/2016 2:15:36 PM,4917079,Web-Standard,Merchandise,Merchandise,Big Screen Noir Pass,Big Screen Noir Pass,Series Pass,1,$36.00,$0.00,Visa
6/28/2016 4:44:31 PM,4916703,Web-Standard,Merchandise,Merchandise,Big Screen Noir Pass,Big Screen Noir Pass,Series Pass,1,$36.00,$0.00,Visa
6/28/2016 4:44:31 PM,4916703,Web-Standard,Merchandise,Merchandise,Big Screen Noir Pass,Big Screen Noir Pass,Series Pass,1,$36.00,$0.00,Visa
6/22/2018 4:35:05 PM,6752045,AMS-Box Office,Merchandise,Merchandise,T-Shirt,Art Theater Shirt,T-Shirt,1,$20.00,$0.00,Visa
6/29/2016 10:59:45 AM,4917001,Web-Standard,Merchandise,Merchandise,Big Screen Noir Pass,Big Screen Noir Pass,Series Pass,1,$36.00,$0.00,Visa
2/21/2019 11:48:47 AM,7820273,Web-Standard,Merchandise,Merchandise,Jewish Film Festival Pass,Jewish Film Festival Pass,Series Pass,1,$32.00,$0.00,MasterCard
7/7/2016 3:13:17 PM,4920986,AMS-Box Office,Merchandise,Merchandise,Poster,Poster,Poster,1,$10.00,$0.00,MasterCard
7/7/2016 3:13:17 PM,4920986,AMS-Box Office,Merchandise,Merchandise,T-Shirt,Art Theater Shirt,T-Shirt,1,$20.00,$0.00,MasterCard
7/14/2016 9:55:34 PM,4937343,AMS-Box Office,Merchandise,Merchandise,Poster,Poster,Poster,1,$10.00,$0.00,Cash
7/15/2016 11:37:30 PM,4938484,AMS-Box Office,Merchandise,Merchandise,Poster,Poster,Poster,1,$10.00,$0.00,Visa
7/22/2016 10:02:53 PM,4947266,AMS-Box Office,Merchandise,Merchandise,Poster,Poster,Poster,1,$10.00,$0.00,Cash
7/23/2016 8:55:54 PM,4949404,AMS-Box Office,Merchandise,Merchandise,Poster,Poster,Poster,1,$10.00,$0.00,Cash
7/26/2016 9:17:03 PM,4954305,AMS-Box Office,Merchandise,Merchandise,Poster,Poster,Poster,1,$10.00,$0.00,Visa
7/26/2016 9:17:03 PM,4954305,AMS-Box Office,Merchandise,Merchandise,Poster,Poster,Poster,1,$10.00,$0.00,Visa
7/29/2016 6:49:26 PM,4958541,AMS-Box Office,Merchandise,Merchandise,Poster,Poster,Poster,1,$10.00,$0.00,Visa
7/29/2016 6:49:26 PM,4958541,AMS-Box Office,Merchandise,Merchandise,Poster,Poster,Poster,1,$10.00,$0.00,Visa
7/29/2016 6:49:26 PM,4958541,AMS-Box Office,Merchandise,Merchandise,Poster,Poster,Poster,1,$10.00,$0.00,Visa
7/31/2016 12:29:53 PM,4961881,AMS-Box Office,Merchandise,Merchandise,Poster,Poster,Poster,1,$10.00,$0.00,Cash
8/3/2016 6:45:15 PM,4965901,AMS-Box Office,Merchandise,Merchandise,Poster,Poster,Poster,1,$10.00,$0.00,Cash
8/3/2016 6:45:15 PM,4965901,AMS-Box Office,Merchandise,Merchandise,Poster,Poster,Poster,1,$10.00,$0.00,Cash
8/5/2016 12:30:54 PM,4967585,AMS-Box Office,Merchandise,Merchandise,Poster,Poster,Poster,1,$10.00,$0.00,Cash
8/11/2016 5:27:53 PM,4975719,AMS-Box Office,Merchandise,Merchandise,Poster,Poster,Poster,1,$10.00,$0.00,Cash
8/12/2016 8:48:42 PM,4977595,AMS-Box Office,Merchandise,Merchandise,Poster,Poster,Poster,1,$10.00,$0.00,Cash
8/12/2016 8:48:42 PM,4977595,AMS-Box Office,Merchandise,Merchandise,Poster,Poster,Poster,1,$10.00,$0.00,Cash
8/12/2016 8:48:42 PM,4977595,AMS-Box Office,Merchandise,Merchandise,Poster,Poster,Poster,1,$10.00,$0.00,Cash
8/26/2016 9:55:27 PM,5008565,AMS-Box Office,Merchandise,Merchandise,Poster,Poster,Poster,1,$10.00,$0.00,MasterCard
8/29/2016 12:57:28 PM,5012818,AMS-Box Office,Merchandise,Merchandise,Poster,Poster,Poster,1,$10.00,$0.00,MasterCard
8/29/2016 12:57:28 PM,5012818,AMS-Box Office,Merchandise,Merchandise,Poster,Poster,Poster,1,$10.00,$0.00,MasterCard
8/29/2016 12:57:28 PM,5012818,AMS-Box Office,Merchandise,Merchandise,Poster,Poster,Poster,1,$10.00,$0.00,MasterCard
8/29/2016 12:57:28 PM,5012818,AMS-Box Office,Merchandise,Merchandise,Poster,Poster,Poster,1,$10.00,$0.00,MasterCard
9/8/2016 11:03:30 PM,5027813,AMS-Box Office,Merchandise,Merchandise,Poster,Poster,Poster,1,$10.00,$0.00,Cash
9/10/2016 6:42:55 PM,5030500,AMS-Box Office,Merchandise,Merchandise,Poster,Poster,Poster,1,$10.00,$0.00,Cash
9/10/2016 9:12:19 PM,5030851,AMS-Box Office,Merchandise,Merchandise,Poster,Poster,Poster,1,$10.00,$0.00,Visa
9/10/2016 9:50:14 PM,5030952,AMS-Box Office,Merchandise,Merchandise,Poster,Poster,Poster,1,$10.00,$0.00,Cash
9/10/2016 9:50:14 PM,5030952,AMS-Box Office,Merchandise,Merchandise,Poster,Poster,Poster,1,$10.00,$0.00,Cash
9/11/2016 1:48:40 PM,5031577,AMS-Box Office,Merchandise,Merchandise,T-Shirt,Art Theater Shirt,T-Shirt,1,$20.00,$0.00,MasterCard
9/11/2016 1:49:13 PM,5031579,AMS-Box Office,Merchandise,Merchandise,T-Shirt,Art Theater Shirt,T-Shirt,1,$20.00,$0.00,Cash
9/15/2016 7:26:31 PM,5038910,AMS-Box Office,Merchandise,Merchandise,T-Shirt,Art Theater Shirt,T-Shirt,1,$20.00,$0.00,Cash
9/15/2016 9:40:23 PM,5039382,AMS-Box Office,Merchandise,Merchandise,Poster,Poster,Poster,1,$10.00,$0.00,Visa
9/16/2016 1:51:34 PM,5040028,AMS-Box Office,Merchandise,Merchandise,T-Shirt,Art Theater Shirt,T-Shirt,1,$20.00,$0.00,MasterCard
9/16/2016 1:51:34 PM,5040028,AMS-Box Office,Merchandise,Merchandise,T-Shirt,Art Theater Shirt,T-Shirt,1,$20.00,$0.00,MasterCard
9/17/2016 2:14:10 PM,5042228,AMS-Box Office,Merchandise,Merchandise,Poster,Poster,Poster,1,$10.00,$0.00,Cash
9/17/2016 9:54:44 PM,5043694,AMS-Box Office,Merchandise,Merchandise,Poster,Poster,Poster,1,$10.00,$0.00,Cash
9/18/2016 3:23:28 PM,5044672,AMS-Box Office,Merchandise,Merchandise,T-Shirt,Art Theater Shirt,T-Shirt,1,$20.00,$0.00,Cash
9/18/2016 3:27:35 PM,5044677,AMS-Box Office,Merchandise,Merchandise,T-Shirt,Art Theater Shirt,T-Shirt,1,$20.00,$0.00,Cash
9/18/2016 4:13:34 PM,5044883,AMS-Box Office,Merchandise,Merchandise,Poster,Poster,Poster,1,$10.00,$0.00,Visa
9/21/2016 3:08:40 PM,5048821,AMS-Box Office,Merchandise,Merchandise,T-Shirt,Art Theater Shirt,T-Shirt,1,$20.00,$0.00,Cash
9/22/2016 4:51:36 PM,5050621,AMS-Box Office,Merchandise,Merchandise,T-Shirt,Art Theater Shirt,T-Shirt,1,$20.00,$0.00,Discover
9/24/2016 9:33:20 PM,5056226,AMS-Box Office,Merchandise,Merchandise,Poster,Poster,Poster,1,$10.00,$0.00,Cash
9/24/2016 11:54:56 PM,5056454,AMS-Box Office,Merchandise,Merchandise,Poster,Poster,Poster,1,$10.00,$0.00,Cash
9/25/2016 2:33:30 PM,5057090,AMS-Box Office,Merchandise,Merchandise,T-Shirt,Art Theater Shirt,T-Shirt,1,$20.00,$0.00,Visa
9/30/2016 9:12:31 PM,5068983,AMS-Box Office,Merchandise,Merchandise,Poster,Poster,Poster,1,$10.00,$0.00,Cash
10/1/2016 4:29:18 PM,5070147,AMS-Box Office,Merchandise,Merchandise,Poster,Poster,Poster,1,$10.00,$0.00,Cash
10/4/2016 7:13:45 PM,5075885,AMS-Box Office,Merchandise,Merchandise,T-Shirt,Art Theater Shirt,T-Shirt,1,$20.00,$0.00,Cash
10/5/2016 9:41:15 PM,5077438,AMS-Box Office,Merchandise,Merchandise,T-Shirt,Art Theater Shirt,T-Shirt,1,$20.00,$0.00,Visa
10/5/2016 9:43:03 PM,5077445,AMS-Box Office,Merchandise,Merchandise,T-Shirt,Art Theater Shirt,T-Shirt,1,$20.00,$0.00,Visa
10/5/2016 9:55:26 PM,5077488,AMS-Box Office,Merchandise,Merchandise,T-Shirt,Art Theater Shirt,T-Shirt,1,$20.00,$0.00,Cash
10/5/2016 9:59:36 PM,5077509,AMS-Box Office,Merchandise,Merchandise,T-Shirt,Art Theater Shirt,T-Shirt,1,$20.00,$0.00,Cash
10/5/2016 10:00:15 PM,5077515,AMS-Box Office,Merchandise,Merchandise,T-Shirt,Art Theater Shirt,T-Shirt,1,$20.00,$0.00,MasterCard
10/6/2016 10:00:42 PM,5078895,AMS-Box Office,Merchandise,Merchandise,Poster,Poster,Poster,1,$10.00,$0.00,Cash
10/12/2016 9:33:33 PM,5087781,AMS-Box Office,Merchandise,Merchandise,Poster,Poster,Poster,1,$10.00,$0.00,Visa
10/12/2016 9:45:05 PM,5087800,AMS-Box Office,Merchandise,Merchandise,T-Shirt,Art Theater Shirt,T-Shirt,1,$20.00,$0.00,Visa
10/13/2016 12:11:40 AM,5087898,AMS-Box Office,Merchandise,Merchandise,Poster,Poster,Poster,1,$10.00,$0.00,Visa
10/14/2016 8:45:32 PM,5092391,AMS-Box Office,Merchandise,Merchandise,T-Shirt,Art Theater Shirt,T-Shirt,1,$20.00,$0.00,Visa
10/15/2016 12:29:47 AM,5092848,AMS-Box Office,Merchandise,Merchandise,T-Shirt,Art Theater Shirt,T-Shirt,1,$20.00,$0.00,Visa
10/15/2016 2:59:25 PM,5093675,AMS-Box Office,Merchandise,Merchandise,T-Shirt,Art Theater Shirt,T-Shirt,1,$20.00,$0.00,Visa
10/15/2016 4:09:05 PM,5093769,AMS-Box Office,Merchandise,Merchandise,T-Shirt,Art Theater Shirt,T-Shirt,1,$20.00,$0.00,Cash
10/15/2016 4:43:01 PM,5093892,AMS-Box Office,Merchandise,Merchandise,T-Shirt,Art Theater Shirt,T-Shirt,1,$20.00,$0.00,MasterCard
10/23/2016 7:20:52 PM,5124250,AMS-Box Office,Merchandise,Merchandise,T-Shirt,Art Theater Shirt,T-Shirt,1,$20.00,$0.00,Cash
10/24/2016 6:51:20 PM,5126539,AMS-Box Office,Merchandise,Merchandise,Poster,Poster,Poster,1,$10.00,$0.00,Visa
10/28/2016 9:32:48 PM,5137027,AMS-Box Office,Merchandise,Merchandise,Poster,Poster,Poster,1,$10.00,$0.00,Visa
10/29/2016 7:07:07 PM,5139166,AMS-Box Office,Merchandise,Merchandise,Poster,Poster,Poster,1,$10.00,$0.00,Cash
10/29/2016 9:34:32 PM,5139660,AMS-Box Office,Merchandise,Merchandise,Poster,Poster,Poster,1,$10.00,$0.00,Visa
10/29/2016 9:58:21 PM,5139705,AMS-Box Office,Merchandise,Merchandise,T-Shirt,Art Theater Shirt,T-Shirt,1,$20.00,$0.00,Cash
10/29/2016 10:35:36 PM,5139759,AMS-Box Office,Merchandise,Merchandise,Raffle Tickets,5 Raffle Tickets,Raffle Ticket,1,$3.00,$0.00,Visa
10/29/2016 11:53:53 PM,5139910,AMS-Box Office,Merchandise,Merchandise,Raffle Tickets,5 Raffle Tickets,Raffle Ticket,1,$3.00,$0.00,MasterCard
10/29/2016 11:53:53 PM,5139910,AMS-Box Office,Merchandise,Merchandise,Raffle Tickets,5 Raffle Tickets,Raffle Ticket,1,$3.00,$0.00,MasterCard
10/29/2016 11:53:53 PM,5139910,AMS-Box Office,Merchandise,Merchandise,Raffle Tickets,5 Raffle Tickets,Raffle Ticket,1,$3.00,$0.00,MasterCard
10/29/2016 11:53:53 PM,5139910,AMS-Box Office,Merchandise,Merchandise,Raffle Tickets,5 Raffle Tickets,Raffle Ticket,1,$3.00,$0.00,MasterCard
10/29/2016 11:53:53 PM,5139910,AMS-Box Office,Merchandise,Merchandise,Raffle Tickets,5 Raffle Tickets,Raffle Ticket,1,$3.00,$0.00,MasterCard
10/29/2016 11:53:53 PM,5139910,AMS-Box Office,Merchandise,Merchandise,T-Shirt,Art Theater Shirt,T-Shirt,1,$20.00,$0.00,MasterCard
10/30/2016 12:16:09 AM,5139932,AMS-Box Office,Merchandise,Merchandise,Raffle Tickets,5 Raffle Tickets,Raffle Ticket,1,$3.00,$0.00,Cash
10/30/2016 12:16:09 AM,5139932,AMS-Box Office,Merchandise,Merchandise,Raffle Tickets,5 Raffle Tickets,Raffle Ticket,1,$3.00,$0.00,Cash
10/30/2016 12:16:09 AM,5139932,AMS-Box Office,Merchandise,Merchandise,Raffle Tickets,5 Raffle Tickets,Raffle Ticket,1,$3.00,$0.00,Cash
10/30/2016 12:16:09 AM,5139932,AMS-Box Office,Merchandise,Merchandise,Raffle Tickets,5 Raffle Tickets,Raffle Ticket,1,$3.00,$0.00,Cash
10/30/2016 12:16:09 AM,5139932,AMS-Box Office,Merchandise,Merchandise,Raffle Tickets,5 Raffle Tickets,Raffle Ticket,1,$3.00,$0.00,Cash
10/30/2016 12:18:06 AM,5139935,AMS-Box Office,Merchandise,Merchandise,Raffle Tickets,5 Raffle Tickets,Raffle Ticket,1,$3.00,$0.00,Cash
10/30/2016 12:18:06 AM,5139935,AMS-Box Office,Merchandise,Merchandise,Raffle Tickets,5 Raffle Tickets,Raffle Ticket,1,$3.00,$0.00,Cash
10/30/2016 12:18:06 AM,5139935,AMS-Box Office,Merchandise,Merchandise,Raffle Tickets,5 Raffle Tickets,Raffle Ticket,1,$3.00,$0.00,Cash
10/30/2016 12:18:06 AM,5139935,AMS-Box Office,Merchandise,Merchandise,Raffle Tickets,5 Raffle Tickets,Raffle Ticket,1,$3.00,$0.00,Cash
10/30/2016 12:18:06 AM,5139935,AMS-Box Office,Merchandise,Merchandise,Raffle Tickets,5 Raffle Tickets,Raffle Ticket,1,$3.00,$0.00,Cash
10/30/2016 12:19:21 AM,5139939,AMS-Box Office,Merchandise,Merchandise,Raffle Tickets,5 Raffle Tickets,Raffle Ticket,1,$3.00,$0.00,Visa
10/30/2016 12:19:21 AM,5139939,AMS-Box Office,Merchandise,Merchandise,Raffle Tickets,5 Raffle Tickets,Raffle Ticket,1,$3.00,$0.00,Visa
10/30/2016 12:19:21 AM,5139939,AMS-Box Office,Merchandise,Merchandise,Raffle Tickets,5 Raffle Tickets,Raffle Ticket,1,$3.00,$0.00,Visa
10/30/2016 12:19:21 AM,5139939,AMS-Box Office,Merchandise,Merchandise,Raffle Tickets,5 Raffle Tickets,Raffle Ticket,1,$3.00,$0.00,Visa
10/30/2016 12:19:21 AM,5139939,AMS-Box Office,Merchandise,Merchandise,Raffle Tickets,5 Raffle Tickets,Raffle Ticket,1,$3.00,$0.00,Visa
10/30/2016 2:28:23 AM,5139967,AMS-Box Office,Merchandise,Merchandise,Raffle Tickets,5 Raffle Tickets,Raffle Ticket,1,$3.00,$0.00,MasterCard
10/30/2016 2:28:23 AM,5139967,AMS-Box Office,Merchandise,Merchandise,Raffle Tickets,5 Raffle Tickets,Raffle Ticket,1,$3.00,$0.00,MasterCard
10/30/2016 2:28:23 AM,5139967,AMS-Box Office,Merchandise,Merchandise,Raffle Tickets,5 Raffle Tickets,Raffle Ticket,1,$3.00,$0.00,MasterCard
10/30/2016 2:28:23 AM,5139967,AMS-Box Office,Merchandise,Merchandise,Raffle Tickets,5 Raffle Tickets,Raffle Ticket,1,$3.00,$0.00,MasterCard
10/30/2016 2:28:23 AM,5139967,AMS-Box Office,Merchandise,Merchandise,Raffle Tickets,5 Raffle Tickets,Raffle Ticket,1,$3.00,$0.00,MasterCard
10/30/2016 2:35:37 AM,5139970,AMS-Box Office,Merchandise,Merchandise,Raffle Tickets,5 Raffle Tickets,Raffle Ticket,1,$3.00,$0.00,Cash
11/5/2016 6:59:42 PM,5152040,AMS-Box Office,Merchandise,Merchandise,T-Shirt,Art Theater Shirt,T-Shirt,1,$20.00,$0.00,Visa
11/8/2016 6:16:46 PM,5157826,AMS-Box Office,Merchandise,Merchandise,Raffle Tickets,5 Raffle Tickets,Raffle Ticket,1,$3.00,$0.00,Cash
11/8/2016 6:25:39 PM,5157838,AMS-Box Office,Merchandise,Merchandise,Raffle Tickets,5 Raffle Tickets,Raffle Ticket,1,$3.00,$0.00,Cash
11/8/2016 6:27:10 PM,5157841,AMS-Box Office,Merchandise,Merchandise,Raffle Tickets,5 Raffle Tickets,Raffle Ticket,1,$3.00,$0.00,MasterCard
11/8/2016 6:27:10 PM,5157841,AMS-Box Office,Merchandise,Merchandise,Raffle Tickets,5 Raffle Tickets,Raffle Ticket,1,$3.00,$0.00,MasterCard
11/8/2016 6:27:10 PM,5157841,AMS-Box Office,Merchandise,Merchandise,Raffle Tickets,5 Raffle Tickets,Raffle Ticket,1,$3.00,$0.00,MasterCard
11/8/2016 6:27:10 PM,5157841,AMS-Box Office,Merchandise,Merchandise,Raffle Tickets,Raffle Ticket,Raffle Ticket,1,$1.00,$0.00,MasterCard
11/8/2016 6:31:47 PM,5157848,AMS-Box Office,Merchandise,Merchandise,Raffle Tickets,5 Raffle Tickets,Raffle Ticket,1,$3.00,$0.00,Cash
11/8/2016 6:34:44 PM,5157857,AMS-Box Office,Merchandise,Merchandise,Raffle Tickets,5 Raffle Tickets,Raffle Ticket,1,$3.00,$0.00,Cash
11/8/2016 6:35:17 PM,5157860,AMS-Box Office,Merchandise,Merchandise,Raffle Tickets,5 Raffle Tickets,Raffle Ticket,1,$3.00,$0.00,Cash
11/8/2016 6:36:48 PM,5157865,AMS-Box Office,Merchandise,Merchandise,Raffle Tickets,5 Raffle Tickets,Raffle Ticket,1,$3.00,$0.00,Visa
11/8/2016 6:37:37 PM,5157867,AMS-Box Office,Merchandise,Merchandise,Raffle Tickets,5 Raffle Tickets,Raffle Ticket,1,$3.00,$0.00,Visa
11/8/2016 6:38:35 PM,5157870,AMS-Box Office,Merchandise,Merchandise,Raffle Tickets,5 Raffle Tickets,Raffle Ticket,1,$3.00,$0.00,Visa
11/8/2016 6:48:02 PM,5157901,AMS-Box Office,Merchandise,Merchandise,Raffle Tickets,5 Raffle Tickets,Raffle Ticket,1,$3.00,$0.00,Cash
11/8/2016 6:48:02 PM,5157901,AMS-Box Office,Merchandise,Merchandise,Raffle Tickets,5 Raffle Tickets,Raffle Ticket,1,$3.00,$0.00,Cash
11/8/2016 6:53:59 PM,5157911,AMS-Box Office,Merchandise,Merchandise,Raffle Tickets,5 Raffle Tickets,Raffle Ticket,1,$3.00,$0.00,Cash
11/8/2016 7:00:00 PM,5157935,AMS-Box Office,Merchandise,Merchandise,Raffle Tickets,5 Raffle Tickets,Raffle Ticket,1,$3.00,$0.00,Cash
11/8/2016 7:00:00 PM,5157935,AMS-Box Office,Merchandise,Merchandise,Raffle Tickets,Raffle Ticket,Raffle Ticket,1,$1.00,$0.00,Cash
11/8/2016 7:14:16 PM,5157959,AMS-Box Office,Merchandise,Merchandise,Raffle Tickets,5 Raffle Tickets,Raffle Ticket,1,$3.00,$0.00,Cash
11/8/2016 7:22:47 PM,5157994,AMS-Box Office,Merchandise,Merchandise,Raffle Tickets,5 Raffle Tickets,Raffle Ticket,1,$3.00,$0.00,Visa
11/8/2016 7:22:47 PM,5157994,AMS-Box Office,Merchandise,Merchandise,Raffle Tickets,5 Raffle Tickets,Raffle Ticket,1,$3.00,$0.00,Visa
11/8/2016 7:28:58 PM,5158016,AMS-Box Office,Merchandise,Merchandise,Raffle Tickets,Raffle Ticket,Raffle Ticket,1,$1.00,$0.00,Cash
11/8/2016 7:31:34 PM,5158027,AMS-Box Office,Merchandise,Merchandise,Raffle Tickets,5 Raffle Tickets,Raffle Ticket,1,$3.00,$0.00,Visa
11/8/2016 7:31:34 PM,5158027,AMS-Box Office,Merchandise,Merchandise,Raffle Tickets,5 Raffle Tickets,Raffle Ticket,1,$3.00,$0.00,Visa
11/8/2016 7:31:43 PM,5158028,AMS-Box Office,Merchandise,Merchandise,Raffle Tickets,5 Raffle Tickets,Raffle Ticket,1,$3.00,$0.00,Cash
11/8/2016 7:33:01 PM,5158033,AMS-Box Office,Merchandise,Merchandise,Raffle Tickets,5 Raffle Tickets,Raffle Ticket,1,$3.00,$0.00,Visa
11/8/2016 7:36:11 PM,5158039,AMS-Box Office,Merchandise,Merchandise,Raffle Tickets,5 Raffle Tickets,Raffle Ticket,1,$3.00,$0.00,Cash
11/8/2016 7:36:11 PM,5158039,AMS-Box Office,Merchandise,Merchandise,Raffle Tickets,5 Raffle Tickets,Raffle Ticket,1,$3.00,$0.00,Cash
11/8/2016 7:39:06 PM,5158052,AMS-Box Office,Merchandise,Merchandise,Raffle Tickets,5 Raffle Tickets,Raffle Ticket,1,$3.00,$0.00,Visa
11/8/2016 7:43:53 PM,5158061,AMS-Box Office,Merchandise,Merchandise,Raffle Tickets,5 Raffle Tickets,Raffle Ticket,1,$3.00,$0.00,Visa
11/8/2016 7:45:06 PM,5158063,AMS-Box Office,Merchandise,Merchandise,Raffle Tickets,Raffle Ticket,Raffle Ticket,1,$1.00,$0.00,Cash
11/8/2016 7:52:47 PM,5158079,AMS-Box Office,Merchandise,Merchandise,Raffle Tickets,5 Raffle Tickets,Raffle Ticket,1,$3.00,$0.00,Cash
11/8/2016 7:53:36 PM,5158083,AMS-Box Office,Merchandise,Merchandise,Raffle Tickets,5 Raffle Tickets,Raffle Ticket,1,$3.00,$0.00,Visa
11/8/2016 7:54:25 PM,5158086,AMS-Box Office,Merchandise,Merchandise,Raffle Tickets,5 Raffle Tickets,Raffle Ticket,1,$3.00,$0.00,Cash
11/8/2016 7:54:25 PM,5158086,AMS-Box Office,Merchandise,Merchandise,Raffle Tickets,Raffle Ticket,Raffle Ticket,1,$1.00,$0.00,Cash
11/8/2016 8:05:22 PM,5158110,AMS-Box Office,Merchandise,Merchandise,Raffle Tickets,5 Raffle Tickets,Raffle Ticket,1,$3.00,$0.00,Cash
11/8/2016 8:11:12 PM,5158122,AMS-Box Office,Merchandise,Merchandise,Raffle Tickets,5 Raffle Tickets,Raffle Ticket,1,$3.00,$0.00,Cash
11/8/2016 8:21:29 PM,5158138,AMS-Box Office,Merchandise,Merchandise,Poster,Poster,Poster,1,$10.00,$0.00,Visa
11/8/2016 8:23:14 PM,5158141,AMS-Box Office,Merchandise,Merchandise,Raffle Tickets,Raffle Ticket,Raffle Ticket,1,$1.00,$0.00,Cash
11/8/2016 8:24:18 PM,5158143,AMS-Box Office,Merchandise,Merchandise,Raffle Tickets,Raffle Ticket,Raffle Ticket,1,$1.00,$0.00,MasterCard
11/8/2016 8:39:58 PM,5158176,AMS-Box Office,Merchandise,Merchandise,Raffle Tickets,5 Raffle Tickets,Raffle Ticket,1,$3.00,$0.00,Cash
11/8/2016 8:39:58 PM,5158176,AMS-Box Office,Merchandise,Merchandise,Raffle Tickets,5 Raffle Tickets,Raffle Ticket,1,$3.00,$0.00,Cash
11/8/2016 8:49:13 PM,5158199,AMS-Box Office,Merchandise,Merchandise,Raffle Tickets,5 Raffle Tickets,Raffle Ticket,1,$3.00,$0.00,Cash
11/8/2016 8:49:33 PM,5158201,AMS-Box Office,Merchandise,Merchandise,Raffle Tickets,5 Raffle Tickets,Raffle Ticket,1,$3.00,$0.00,Cash
11/8/2016 9:49:30 PM,5158323,AMS-Box Office,Merchandise,Merchandise,Poster,Poster,Poster,1,$10.00,$0.00,Visa
11/8/2016 9:49:51 PM,5158324,AMS-Box Office,Merchandise,Merchandise,Poster,Poster,Poster,1,$10.00,$0.00,Cash
11/8/2016 11:18:09 PM,5158395,AMS-Box Office,Merchandise,Merchandise,T-Shirt $5,T-Shirt 5,T-Shirt,1,$5.00,$0.00,Visa
11/9/2016 2:29:22 PM,5159147,AMS-Box Office,Merchandise,Merchandise,T-Shirt,Art Theater Shirt,T-Shirt,1,$20.00,$0.00,Visa
11/9/2016 7:02:04 PM,5159785,AMS-Box Office,Merchandise,Merchandise,T-Shirt,Art Theater Shirt,T-Shirt,1,$20.00,$0.00,Visa
11/11/2016 5:51:01 PM,5165920,AMS-Box Office,Merchandise,Merchandise,Poster,Poster,Poster,1,$10.00,$0.00,MasterCard
11/11/2016 6:25:07 PM,5166305,AMS-Box Office,Merchandise,Merchandise,Poster,Poster,Poster,1,$10.00,$0.00,Visa
11/18/2016 11:58:05 PM,5195484,AMS-Box Office,Merchandise,Merchandise,T-Shirt $5,T-Shirt 5,T-Shirt,1,$5.00,$0.00,Cash
11/19/2016 6:56:43 PM,5196925,AMS-Box Office,Merchandise,Merchandise,Poster,Poster,Poster,1,$10.00,$0.00,Cash
11/19/2016 6:57:36 PM,5196930,AMS-Box Office,Merchandise,Merchandise,T-Shirt $5,T-Shirt 5,T-Shirt,1,$5.00,$0.00,Cash
11/20/2016 11:39:15 AM,5197800,AMS-Box Office,Merchandise,Merchandise,Poster,Poster,Poster,1,$10.00,$0.00,MasterCard
11/20/2016 11:39:15 AM,5197800,AMS-Box Office,Merchandise,Merchandise,Poster,Poster,Poster,1,$10.00,$0.00,MasterCard
11/20/2016 2:25:53 PM,5198134,AMS-Box Office,Merchandise,Merchandise,Poster,Poster,Poster,1,$10.00,$0.00,Visa
11/20/2016 7:07:24 PM,5198640,AMS-Box Office,Merchandise,Merchandise,Poster,Poster,Poster,1,$10.00,$0.00,Discover
11/23/2016 7:40:32 PM,5201931,AMS-Box Office,Merchandise,Merchandise,Poster,Poster,Poster,1,$10.00,$0.00,Visa
11/23/2016 7:40:32 PM,5201931,AMS-Box Office,Merchandise,Merchandise,T-Shirt $5,T-Shirt 5,T-Shirt,1,$5.00,$0.00,Visa
11/25/2016 5:42:49 PM,5204294,AMS-Box Office,Merchandise,Merchandise,Poster,Poster,Poster,1,$10.00,$0.00,Discover
12/12/2016 3:45:23 PM,5240449,AMS-Box Office,Merchandise,Merchandise,Poster,Poster,Poster,1,$10.00,$0.00,Cash
12/16/2016 3:11:57 PM,5246472,AMS-Box Office,Merchandise,Merchandise,T-Shirt,Art Theater Shirt,T-Shirt,1,$20.00,$0.00,Visa
12/17/2016 12:32:43 AM,5247743,AMS-Box Office,Merchandise,Merchandise,Poster,Poster,Poster,1,$10.00,$0.00,Visa
12/17/2016 7:25:51 PM,5250133,AMS-Box Office,Merchandise,Merchandise,Raffle Tickets,5 Raffle Tickets,Raffle Ticket,1,$3.00,$0.00,Cash
12/19/2016 3:58:54 PM,5262882,AMS-Box Office,Merchandise,Merchandise,T-Shirt,Art Theater Shirt,T-Shirt,1,$20.00,$0.00,Cash
12/21/2016 5:10:30 PM,5266100,AMS-Box Office,Merchandise,Merchandise,T-Shirt,Art Theater Shirt,T-Shirt,1,$20.00,$0.00,Cash
1/3/2017 6:22:20 PM,5287942,AMS-Box Office,Merchandise,Merchandise,Poster,Poster,Poster,1,$10.00,$0.00,Cash
1/3/2017 6:22:20 PM,5287942,AMS-Box Office,Merchandise,Merchandise,Poster,Poster,Poster,1,$10.00,$0.00,Cash
1/5/2017 8:51:56 PM,5291053,AMS-Box Office,Merchandise,Merchandise,Poster,Poster,Poster,1,$10.00,$0.00,Visa
1/6/2017 2:01:09 PM,5291486,AMS-Box Office,Merchandise,Merchandise,Poster,Poster,Poster,1,$10.00,$0.00,Visa
1/6/2017 2:01:09 PM,5291486,AMS-Box Office,Merchandise,Merchandise,Poster,Poster,Poster,1,$10.00,$0.00,Visa
1/6/2017 2:01:09 PM,5291486,AMS-Box Office,Merchandise,Merchandise,Poster,Poster,Poster,1,$10.00,$0.00,Visa
1/7/2017 4:02:12 PM,5293681,AMS-Box Office,Merchandise,Merchandise,Poster,Poster,Poster,1,$10.00,$0.00,Cash
1/8/2017 11:51:15 AM,5295276,AMS-Box Office,Merchandise,Merchandise,Poster,Poster,Poster,1,$10.00,$0.00,Cash
1/8/2017 11:54:41 AM,5295296,AMS-Box Office,Merchandise,Merchandise,Poster,Poster,Poster,1,$10.00,$0.00,Cash
1/11/2017 4:28:04 PM,5299004,AMS-Box Office,Merchandise,Merchandise,Poster,Poster,Poster,1,$10.00,$0.00,Visa
1/11/2017 9:53:02 PM,5299705,AMS-Box Office,Merchandise,Merchandise,Poster,Poster,Poster,1,$10.00,$0.00,Cash
1/14/2017 9:39:03 PM,5305009,AMS-Box Office,Merchandise,Merchandise,Poster,Poster,Poster,1,$10.00,$0.00,Cash
1/15/2017 9:57:35 PM,5306717,AMS-Box Office,Merchandise,Merchandise,Poster,Poster,Poster,1,$10.00,$0.00,Visa
1/15/2017 9:57:35 PM,5306717,AMS-Box Office,Merchandise,Merchandise,Poster,Poster,Poster,1,$10.00,$0.00,Visa
1/16/2017 9:52:02 PM,5317898,AMS-Box Office,Merchandise,Merchandise,Poster,Poster,Poster,1,$10.00,$0.00,Cash
1/21/2017 11:40:53 AM,5324307,AMS-Box Office,Merchandise,Merchandise,Poster,Poster,Poster,1,$10.00,$0.00,MasterCard
1/21/2017 11:40:53 AM,5324307,AMS-Box Office,Merchandise,Merchandise,Poster,Poster,Poster,1,$10.00,$0.00,MasterCard
1/21/2017 4:48:56 PM,5325071,AMS-Box Office,Merchandise,Merchandise,Poster,Poster,Poster,1,$10.00,$0.00,Visa
1/21/2017 4:48:56 PM,5325071,AMS-Box Office,Merchandise,Merchandise,Poster,Poster,Poster,1,$10.00,$0.00,Visa
1/21/2017 5:49:52 PM,5325245,AMS-Box Office,Merchandise,Merchandise,Poster,Poster,Poster,1,$10.00,$0.00,Cash
1/21/2017 6:39:40 PM,5325514,AMS-Box Office,Merchandise,Merchandise,Poster,Poster,Poster,1,$10.00,$0.00,MasterCard
1/21/2017 9:19:57 PM,5326350,AMS-Box Office,Merchandise,Merchandise,Poster,Poster,Poster,1,$10.00,$0.00,Cash
1/21/2017 9:43:55 PM,5326372,AMS-Box Office,Merchandise,Merchandise,Poster,Poster,Poster,1,$10.00,$0.00,MasterCard
1/25/2017 8:44:51 PM,5332545,AMS-Box Office,Merchandise,Merchandise,T-Shirt,Art Theater Shirt,T-Shirt,1,$20.00,$0.00,Cash
1/25/2017 8:44:51 PM,5332545,AMS-Box Office,Merchandise,Merchandise,T-Shirt,Art Theater Shirt,T-Shirt,1,$20.00,$0.00,Cash
1/26/2017 4:59:37 PM,5333414,AMS-Box Office,Merchandise,Merchandise,Poster,Poster,Poster,1,$10.00,$0.00,Cash
1/28/2017 12:11:09 AM,5336218,AMS-Box Office,Merchandise,Merchandise,Poster,Poster,Poster,1,$10.00,$0.00,Cash
1/28/2017 12:11:09 AM,5336218,AMS-Box Office,Merchandise,Merchandise,Poster,Poster,Poster,1,$10.00,$0.00,Cash
1/28/2017 6:45:03 PM,5338175,AMS-Box Office,Merchandise,Merchandise,Poster,Poster,Poster,1,$10.00,$0.00,Cash
2/3/2017 4:50:07 PM,5349288,AMS-Box Office,Merchandise,Merchandise,Poster,Poster,Poster,1,$10.00,$0.00,Visa
2/4/2017 10:26:33 PM,5353611,AMS-Box Office,Merchandise,Merchandise,Poster,Poster,Poster,1,$10.00,$0.00,Cash
2/11/2017 1:00:42 PM,5362001,AMS-Box Office,Merchandise,Merchandise,Poster,Poster,Poster,1,$10.00,$0.00,Visa
2/12/2017 9:30:43 PM,5365281,AMS-Box Office,Merchandise,Merchandise,Poster,Poster,Poster,1,$10.00,$0.00,Visa
2/12/2017 9:30:43 PM,5365281,AMS-Box Office,Merchandise,Merchandise,Poster,Poster,Poster,1,$10.00,$0.00,Visa
2/17/2017 7:13:46 PM,5371406,AMS-Box Office,Merchandise,Merchandise,Poster,Poster,Poster,1,$10.00,$0.00,Cash
2/17/2017 9:34:23 PM,5371880,AMS-Box Office,Merchandise,Merchandise,Poster,Poster,Poster,1,$10.00,$0.00,MasterCard
2/17/2017 9:34:23 PM,5371880,AMS-Box Office,Merchandise,Merchandise,Poster,Poster,Poster,1,$10.00,$0.00,MasterCard
2/19/2017 4:33:13 PM,5375211,AMS-Box Office,Merchandise,Merchandise,Poster,Poster,Poster,1,$10.00,$0.00,Cash
2/26/2017 1:54:22 PM,5386632,AMS-Box Office,Merchandise,Merchandise,Poster,Poster,Poster,1,$10.00,$0.00,Cash
2/26/2017 1:54:22 PM,5386632,AMS-Box Office,Merchandise,Merchandise,Poster,Poster,Poster,1,$10.00,$0.00,Cash
2/26/2017 1:57:08 PM,5386635,AMS-Box Office,Merchandise,Merchandise,Poster,Poster,Poster,1,$10.00,$0.00,Visa
2/27/2017 6:10:08 PM,5387925,AMS-Box Office,Merchandise,Merchandise,Poster,Poster,Poster,1,$10.00,$0.00,MasterCard
3/1/2017 7:31:48 PM,5391095,AMS-Box Office,Merchandise,Merchandise,Poster,Poster,Poster,1,$10.00,$0.00,Cash
3/12/2017 2:10:20 PM,5405953,AMS-Box Office,Merchandise,Merchandise,T-Shirt,Art Theater Shirt,T-Shirt,1,$20.00,$0.00,Visa
3/16/2017 5:50:36 PM,5409971,AMS-Box Office,Merchandise,Merchandise,T-Shirt,Art Theater Shirt,T-Shirt,1,$20.00,$0.00,Visa
3/16/2017 5:51:16 PM,5409972,AMS-Box Office,Merchandise,Merchandise,Poster,Poster,Poster,1,$10.00,$0.00,MasterCard
3/19/2017 4:51:19 PM,5413331,AMS-Box Office,Merchandise,Merchandise,T-Shirt,Art Theater Shirt,T-Shirt,1,$20.00,$0.00,Visa
3/19/2017 5:04:20 PM,5413380,AMS-Box Office,Merchandise,Merchandise,T-Shirt,Art Theater Shirt,T-Shirt,1,$20.00,$0.00,Visa
3/25/2017 10:45:37 PM,5431050,AMS-Box Office,Merchandise,Merchandise,Poster,Poster,Poster,1,$10.00,$0.00,MasterCard
3/25/2017 10:47:41 PM,5431051,AMS-Box Office,Merchandise,Merchandise,Poster,Poster,Poster,1,$10.00,$0.00,MasterCard
3/28/2017 6:21:17 PM,5433871,AMS-Box Office,Merchandise,Merchandise,Poster,Poster,Poster,1,$10.00,$0.00,MasterCard
3/29/2017 5:29:17 PM,5434911,AMS-Box Office,Merchandise,Merchandise,Poster,Poster,Poster,1,$10.00,$0.00,Cash
3/29/2017 5:29:17 PM,5434911,AMS-Box Office,Merchandise,Merchandise,Poster,Poster,Poster,1,$10.00,$0.00,Cash
4/2/2017 12:16:00 PM,5440228,AMS-Box Office,Merchandise,Merchandise,Poster,Poster,Poster,1,$10.00,$0.00,Visa
4/3/2017 9:27:14 PM,5442154,AMS-Box Office,Merchandise,Merchandise,Poster,Poster,Poster,1,$10.00,$0.00,Visa
4/8/2017 12:04:34 AM,5448602,AMS-Box Office,Merchandise,Merchandise,Poster,Poster,Poster,1,$10.00,$0.00,Visa
4/8/2017 12:07:25 AM,5448603,AMS-Box Office,Merchandise,Merchandise,T-Shirt,Art Theater Shirt,T-Shirt,1,$20.00,$0.00,Cash
4/9/2017 6:45:54 PM,5450952,AMS-Box Office,Merchandise,Merchandise,T-Shirt,Art Theater Shirt,T-Shirt,1,$20.00,$0.00,Cash
4/20/2017 5:05:04 PM,5476076,AMS-Box Office,Merchandise,Merchandise,T-Shirt,Art Theater Shirt,T-Shirt,1,$20.00,$0.00,Cash
4/20/2017 5:19:09 PM,5476097,AMS-Box Office,Merchandise,Merchandise,Poster,Poster,Poster,1,$10.00,$0.00,Visa
4/20/2017 9:23:10 PM,5476712,AMS-Box Office,Merchandise,Merchandise,T-Shirt,Art Theater Shirt,T-Shirt,1,$20.00,$0.00,Visa
4/29/2017 12:04:26 PM,5498509,AMS-Box Office,Merchandise,Merchandise,T-Shirt,Art Theater Shirt,T-Shirt,1,$20.00,$0.00,Cash
5/6/2017 9:38:10 PM,5513287,AMS-Box Office,Merchandise,Merchandise,Poster,Poster,Poster,1,$10.00,$0.00,Visa
5/11/2017 9:32:11 PM,5521729,AMS-Box Office,Merchandise,Merchandise,T-Shirt,Art Theater Shirt,T-Shirt,1,$20.00,$0.00,Cash
5/28/2017 1:37:37 PM,5554437,AMS-Box Office,Merchandise,Merchandise,Poster,Poster,Poster,1,$10.00,$0.00,Discover
6/4/2017 6:52:08 PM,5575582,AMS-Box Office,Merchandise,Merchandise,T-Shirt,Art Theater Shirt,T-Shirt,1,$20.00,$0.00,Cash
6/9/2017 4:50:56 PM,5581759,AMS-Box Office,Merchandise,Merchandise,Poster,Poster,Poster,1,$10.00,$0.00,Visa
6/9/2017 6:35:09 PM,5581953,AMS-Box Office,Merchandise,Merchandise,Poster,Poster,Poster,1,$10.00,$0.00,Cash
6/10/2017 12:16:03 PM,5582828,AMS-Box Office,Merchandise,Merchandise,Poster,Poster,Poster,1,$10.00,$0.00,Cash
6/13/2017 9:09:45 PM,5587696,AMS-Box Office,Merchandise,Merchandise,T-Shirt,Art Theater Shirt,T-Shirt,1,$20.00,$0.00,Visa
6/18/2017 11:55:27 AM,5595092,AMS-Box Office,Merchandise,Merchandise,Poster,Poster,Poster,1,$10.00,$0.00,Cash
6/23/2017 3:47:39 PM,5611992,AMS-Box Office,Merchandise,Merchandise,Poster,Poster,Poster,1,$10.00,$0.00,Visa
6/28/2017 6:08:42 PM,5620717,AMS-Box Office,Merchandise,Merchandise,Poster,Poster,Poster,1,$10.00,$0.00,MasterCard
7/6/2017 5:30:38 PM,5636262,AMS-Box Office,Merchandise,Merchandise,Poster,Poster,Poster,1,$10.00,$0.00,Cash
7/7/2017 9:07:15 PM,5638787,AMS-Box Office,Merchandise,Merchandise,T-Shirt,Art Theater Shirt,T-Shirt,1,$20.00,$0.00,Visa
7/7/2017 9:07:15 PM,5638787,AMS-Box Office,Merchandise,Merchandise,T-Shirt,Art Theater Shirt,T-Shirt,1,$20.00,$0.00,Visa
7/7/2017 9:13:36 PM,5638806,AMS-Box Office,Merchandise,Merchandise,Poster,Poster,Poster,1,$10.00,$0.00,MasterCard
7/14/2017 4:28:16 PM,5651245,AMS-Box Office,Merchandise,Merchandise,Poster,Poster,Poster,1,$10.00,$0.00,Cash
7/21/2017 6:44:58 PM,5674659,AMS-Box Office,Merchandise,Merchandise,Poster,Poster,Poster,1,$10.00,$0.00,Cash
7/28/2017 7:31:55 PM,5686727,AMS-Box Office,Merchandise,Merchandise,Poster,Poster,Poster,1,$10.00,$0.00,Visa
7/28/2017 9:13:20 PM,5686965,AMS-Box Office,Merchandise,Merchandise,Poster,Poster,Poster,1,$10.00,$0.00,Visa
7/30/2017 11:10:58 AM,5689437,AMS-Box Office,Merchandise,Merchandise,Poster,Poster,Poster,1,$10.00,$0.00,Cash
7/30/2017 4:11:04 PM,5690199,AMS-Box Office,Merchandise,Merchandise,Poster,Poster,Poster,1,$10.00,$0.00,MasterCard
7/30/2017 4:11:04 PM,5690199,AMS-Box Office,Merchandise,Merchandise,Poster,Poster,Poster,1,$10.00,$0.00,MasterCard
8/11/2017 3:49:25 PM,5707435,AMS-Box Office,Merchandise,Merchandise,Poster,Poster,Poster,1,$10.00,$0.00,Visa
8/16/2017 9:42:30 PM,5726233,AMS-Box Office,Merchandise,Merchandise,T-Shirt,Art Theater Shirt,T-Shirt,1,$20.00,$0.00,Visa
8/16/2017 9:42:30 PM,5726233,AMS-Box Office,Merchandise,Merchandise,T-Shirt,Art Theater Shirt,T-Shirt,1,$20.00,$0.00,Visa
8/22/2017 9:12:45 PM,5736369,AMS-Box Office,Merchandise,Merchandise,T-Shirt,Art Theater Shirt,T-Shirt,1,$20.00,$0.00,Visa
8/23/2017 7:53:51 PM,5737637,AMS-Box Office,Merchandise,Merchandise,T-Shirt,Art Theater Shirt,T-Shirt,1,$20.00,$0.00,Cash
8/24/2017 5:55:18 PM,5739121,AMS-Box Office,Merchandise,Merchandise,T-Shirt,Art Theater Shirt,T-Shirt,1,$20.00,$0.00,Cash
8/26/2017 7:58:30 PM,5744265,AMS-Box Office,Merchandise,Merchandise,T-Shirt,Art Theater Shirt,T-Shirt,1,$20.00,$0.00,Visa
9/6/2017 11:01:32 PM,5764562,AMS-Box Office,Merchandise,Merchandise,Poster,Poster,Poster,1,$10.00,$0.00,Visa
9/21/2017 6:37:04 PM,5810896,AMS-Box Office,Merchandise,Merchandise,T-Shirt,Art Theater Shirt,T-Shirt,1,$20.00,$0.00,Cash
9/24/2017 5:23:09 PM,5823095,AMS-Box Office,Merchandise,Merchandise,T-Shirt,Art Theater Shirt,T-Shirt,1,$20.00,$0.00,MasterCard
9/24/2017 5:23:09 PM,5823095,AMS-Box Office,Merchandise,Merchandise,T-Shirt,Art Theater Shirt,T-Shirt,1,$20.00,$0.00,MasterCard
9/27/2017 3:33:24 PM,5832105,AMS-Box Office,Merchandise,Merchandise,Poster,Poster,Poster,1,$10.00,$0.00,MasterCard
10/1/2017 4:51:40 PM,5847542,AMS-Box Office,Merchandise,Merchandise,T-Shirt,Shocktober T-Shirt,Shocktober Shirt,1,$20.00,$0.00,Cash
10/4/2017 9:15:40 PM,5854055,AMS-Box Office,Merchandise,Merchandise,T-Shirt,Shocktober T-Shirt,Shocktober Shirt,1,$20.00,$0.00,Visa
10/5/2017 7:41:12 PM,5856170,AMS-Box Office,Merchandise,Merchandise,T-Shirt,Shocktober T-Shirt,Shocktober Shirt,1,$20.00,$0.00,Visa
10/8/2017 2:11:15 PM,5865060,AMS-Box Office,Merchandise,Merchandise,T-Shirt,Shocktober T-Shirt,Shocktober Shirt,1,$20.00,$0.00,Cash
10/8/2017 4:25:29 PM,5865947,AMS-Box Office,Merchandise,Merchandise,T-Shirt,Shocktober T-Shirt,Shocktober Shirt,1,$20.00,$0.00,Cash
10/12/2017 11:37:02 PM,5879521,AMS-Box Office,Merchandise,Merchandise,T-Shirt,Shocktober T-Shirt,Shocktober Shirt,1,$20.00,$0.00,Gift Certificate
10/12/2017 11:44:28 PM,5879531,AMS-Box Office,Merchandise,Merchandise,T-Shirt,Shocktober T-Shirt,Shocktober Shirt,1,$20.00,$0.00,Cash
10/12/2017 11:44:28 PM,5879531,AMS-Box Office,Merchandise,Merchandise,T-Shirt,Shocktober T-Shirt,Shocktober Shirt,1,$20.00,$0.00,Cash
10/13/2017 11:41:53 PM,5884442,AMS-Box Office,Merchandise,Merchandise,T-Shirt,Shocktober T-Shirt,Shocktober Shirt,1,$20.00,$0.00,Cash
10/14/2017 2:13:45 AM,5884614,AMS-Box Office,Merchandise,Merchandise,T-Shirt,Shocktober T-Shirt,Shocktober Shirt,1,$20.00,$0.00,Visa
10/14/2017 3:21:22 AM,5884625,AMS-Box Office,Merchandise,Merchandise,T-Shirt,Shocktober T-Shirt,Shocktober Shirt,1,$20.00,$0.00,Visa
10/14/2017 3:22:55 AM,5884626,AMS-Box Office,Merchandise,Merchandise,T-Shirt,Shocktober T-Shirt,Shocktober Shirt,1,$20.00,$0.00,MasterCard
10/21/2017 9:43:42 PM,5930448,AMS-Box Office,Merchandise,Merchandise,T-Shirt,Shocktober T-Shirt,Shocktober Shirt,1,$20.00,$0.00,MasterCard
10/28/2017 12:34:11 PM,5950005,AMS-Box Office,Merchandise,Merchandise,T-Shirt,Art Theater Shirt,T-Shirt,1,$20.00,$0.00,MasterCard
10/28/2017 9:23:00 PM,5952591,AMS-Box Office,Merchandise,Merchandise,Poster,Poster,Poster,1,$10.00,$0.00,MasterCard
10/28/2017 9:46:58 PM,5952620,AMS-Box Office,Merchandise,Merchandise,T-Shirt,Shocktober T-Shirt,Shocktober Shirt,1,$20.00,$0.00,Cash
10/30/2017 5:06:35 PM,5958145,AMS-Box Office,Merchandise,Merchandise,T-Shirt,Shocktober T-Shirt,Shocktober Shirt,1,$20.00,$0.00,Discover
11/2/2017 8:54:19 PM,5976195,AMS-Box Office,Merchandise,Merchandise,T-Shirt,Shocktober T-Shirt,Shocktober Shirt,1,$20.00,$0.00,Visa
11/12/2017 1:45:37 PM,6017066,AMS-Box Office,Merchandise,Merchandise,T-Shirt,Shocktober T-Shirt,Shocktober Shirt,1,$20.00,$0.00,MasterCard
11/26/2017 6:03:03 PM,6073632,AMS-Box Office,Merchandise,Merchandise,Poster,Poster,Poster,1,$10.00,$0.00,Cash
12/6/2017 5:33:42 PM,6102480,AMS-Box Office,Merchandise,Merchandise,T-Shirt,Art Theater Shirt,T-Shirt,1,$20.00,$0.00,Cash
12/15/2017 4:27:01 PM,6128876,AMS-Box Office,Merchandise,Merchandise,Poster,Poster,Poster,1,$10.00,$0.00,Cash
12/20/2017 9:13:55 PM,6158409,AMS-Box Office,Merchandise,Merchandise,T-Shirt,Art Theater Shirt,T-Shirt,1,$20.00,$0.00,Cash
12/22/2017 6:37:13 PM,6165497,AMS-Box Office,Merchandise,Merchandise,Poster,Poster,Poster,1,$10.00,$0.00,Visa
12/22/2017 11:09:03 PM,6166466,AMS-Box Office,Merchandise,Merchandise,Poster,Poster,Poster,1,$10.00,$0.00,Discover
12/30/2017 2:13:19 PM,6193509,AMS-Box Office,Merchandise,Merchandise,T-Shirt,Art Theater Shirt,T-Shirt,1,$20.00,$0.00,Cash
1/13/2018 4:21:18 PM,6241662,AMS-Box Office,Merchandise,Merchandise,Poster,Poster,Poster,1,$10.00,$0.00,Cash
1/19/2018 9:22:40 PM,6264772,AMS-Box Office,Merchandise,Merchandise,Poster,Poster,Poster,1,$10.00,$0.00,MasterCard
1/19/2018 9:22:40 PM,6264772,AMS-Box Office,Merchandise,Merchandise,Poster,Poster,Poster,1,$10.00,$0.00,MasterCard
1/19/2018 9:57:32 PM,6264899,AMS-Box Office,Merchandise,Merchandise,Poster,Poster,Poster,1,$10.00,$0.00,Visa
1/19/2018 9:57:52 PM,6264901,AMS-Box Office,Merchandise,Merchandise,Poster,Poster,Poster,1,$10.00,$0.00,Visa
1/20/2018 1:25:39 PM,6266535,AMS-Box Office,Merchandise,Merchandise,Poster,Poster,Poster,1,$10.00,$0.00,Cash
1/25/2018 9:46:04 PM,6294886,AMS-Box Office,Merchandise,Merchandise,T-Shirt,Art Theater Shirt,T-Shirt,1,$20.00,$0.00,Visa
1/27/2018 6:53:44 PM,6305130,AMS-Box Office,Merchandise,Merchandise,Poster,Poster,Poster,1,$10.00,$0.00,Visa
1/28/2018 1:19:32 PM,6308307,AMS-Box Office,Merchandise,Merchandise,T-Shirt,Art Theater Shirt,T-Shirt,1,$20.00,$0.00,Cash
1/28/2018 9:21:03 PM,6310966,AMS-Box Office,Merchandise,Merchandise,Poster,Poster,Poster,1,$10.00,$0.00,Discover
1/28/2018 9:21:03 PM,6310966,AMS-Box Office,Merchandise,Merchandise,Poster,Poster,Poster,1,$10.00,$0.00,Discover
1/30/2018 9:15:49 PM,6315773,AMS-Box Office,Merchandise,Merchandise,Poster,Poster,Poster,1,$10.00,$0.00,Cash
1/31/2018 7:45:42 PM,6318948,AMS-Box Office,Merchandise,Merchandise,Poster,Poster,Poster,1,$10.00,$0.00,Cash
2/2/2018 11:16:16 AM,6322645,AMS-Box Office,Merchandise,Merchandise,Poster,Poster,Poster,1,$10.00,$0.00,Cash
2/2/2018 11:16:16 AM,6322645,AMS-Box Office,Merchandise,Merchandise,Poster,Poster,Poster,1,$10.00,$0.00,Cash
2/2/2018 9:26:20 PM,6326487,AMS-Box Office,Merchandise,Merchandise,Poster,Poster,Poster,1,$10.00,$0.00,MasterCard
2/2/2018 9:26:20 PM,6326487,AMS-Box Office,Merchandise,Merchandise,Poster,Poster,Poster,1,$10.00,$0.00,MasterCard
2/2/2018 9:26:20 PM,6326487,AMS-Box Office,Merchandise,Merchandise,Poster,Poster,Poster,1,$10.00,$0.00,MasterCard
2/2/2018 9:26:20 PM,6326487,AMS-Box Office,Merchandise,Merchandise,Poster,Poster,Poster,1,$10.00,$0.00,MasterCard
2/6/2018 7:04:21 PM,6338251,AMS-Box Office,Merchandise,Merchandise,T-Shirt,Shocktober Bag,Shocktober Bag,1,$15.00,$0.00,Discover
2/10/2018 3:48:52 PM,6348810,AMS-Box Office,Merchandise,Merchandise,Poster,Poster,Poster,1,$10.00,$0.00,Visa
2/10/2018 3:48:52 PM,6348810,AMS-Box Office,Merchandise,Merchandise,Poster,Poster,Poster,1,$10.00,$0.00,Visa
2/10/2018 3:48:52 PM,6348810,AMS-Box Office,Merchandise,Merchandise,Poster,Poster,Poster,1,$10.00,$0.00,Visa
2/10/2018 3:48:52 PM,6348810,AMS-Box Office,Merchandise,Merchandise,Poster,Poster,Poster,1,$10.00,$0.00,Visa
2/17/2018 9:03:09 PM,6371322,AMS-Box Office,Merchandise,Merchandise,T-Shirt,Art Theater Shirt,T-Shirt,1,$20.00,$0.00,Cash
2/22/2018 7:30:28 PM,6382346,AMS-Box Office,Merchandise,Merchandise,Poster,Poster,Poster,1,$10.00,$0.00,Visa
2/23/2018 6:28:45 PM,6384766,AMS-Box Office,Merchandise,Merchandise,Poster,Poster,Poster,1,$10.00,$0.00,Cash
2/23/2018 9:16:25 PM,6385457,AMS-Box Office,Merchandise,Merchandise,Poster,Poster,Poster,1,$10.00,$0.00,Visa
2/26/2018 7:27:05 PM,6394488,AMS-Box Office,Merchandise,Merchandise,Poster,Poster,Poster,1,$10.00,$0.00,Discover
3/10/2018 8:00:43 PM,6424052,AMS-Box Office,Merchandise,Merchandise,Poster,Poster,Poster,1,$10.00,$0.00,Visa
3/12/2018 4:51:40 PM,6428462,AMS-Box Office,Merchandise,Merchandise,T-Shirt,Art Theater Shirt,T-Shirt,1,$20.00,$0.00,Visa
3/12/2018 6:51:56 PM,6428840,AMS-Box Office,Merchandise,Merchandise,Poster,Poster,Poster,1,$10.00,$0.00,Cash
3/14/2018 5:50:22 PM,6432335,AMS-Box Office,Merchandise,Merchandise,Poster,Poster,Poster,1,$10.00,$0.00,Cash
3/18/2018 7:19:30 PM,6444391,AMS-Box Office,Merchandise,Merchandise,Poster,Poster,Poster,1,$10.00,$0.00,Cash
3/18/2018 7:22:08 PM,6444394,AMS-Box Office,Merchandise,Merchandise,Poster,Poster,Poster,1,$10.00,$0.00,Visa
4/4/2018 7:03:18 PM,6503566,AMS-Box Office,Merchandise,Merchandise,Poster,Poster,Poster,1,$10.00,$0.00,Cash
4/6/2018 6:56:33 PM,6509624,AMS-Box Office,Merchandise,Merchandise,Poster,Poster,Poster,1,$10.00,$0.00,Cash
4/7/2018 6:34:33 PM,6514548,AMS-Box Office,Merchandise,Merchandise,Poster,Poster,Poster,1,$10.00,$0.00,Cash
4/8/2018 7:57:42 PM,6518325,AMS-Box Office,Merchandise,Merchandise,Poster,Poster,Poster,1,$10.00,$0.00,Cash
4/11/2018 9:41:18 PM,6524224,AMS-Box Office,Merchandise,Merchandise,Poster,Poster,Poster,1,$10.00,$0.00,Cash
4/11/2018 9:41:42 PM,6524225,AMS-Box Office,Merchandise,Merchandise,Poster,Poster,Poster,1,$10.00,$0.00,Cash
4/13/2018 6:14:31 PM,6528162,AMS-Box Office,Merchandise,Merchandise,Poster,Poster,Poster,1,$10.00,$0.00,Visa
4/13/2018 9:24:24 PM,6529334,AMS-Box Office,Merchandise,Merchandise,Poster,Poster,Poster,1,$10.00,$0.00,Cash
4/14/2018 8:17:09 PM,6532712,AMS-Box Office,Merchandise,Merchandise,Poster,Poster,Poster,1,$10.00,$0.00,Cash
4/14/2018 9:44:58 PM,6533016,AMS-Box Office,Merchandise,Merchandise,Poster,Poster,Poster,1,$10.00,$0.00,Visa
4/19/2018 7:57:12 PM,6555910,AMS-Box Office,Merchandise,Merchandise,Poster,Poster,Poster,1,$10.00,$0.00,Cash
4/19/2018 7:57:12 PM,6555910,AMS-Box Office,Merchandise,Merchandise,Poster,Poster,Poster,1,$10.00,$0.00,Cash
4/22/2018 4:31:06 PM,6567154,AMS-Box Office,Merchandise,Merchandise,Poster,Poster,Poster,1,$10.00,$0.00,Visa
5/6/2018 1:46:04 PM,6608172,AMS-Box Office,Merchandise,Merchandise,T-Shirt,Art Theater Shirt,T-Shirt,1,$20.00,$0.00,Cash
5/6/2018 9:54:58 PM,6609769,AMS-Box Office,Merchandise,Merchandise,Poster,Poster,Poster,1,$10.00,$0.00,Visa
5/6/2018 9:54:58 PM,6609769,AMS-Box Office,Merchandise,Merchandise,Poster,Poster,Poster,1,$10.00,$0.00,Visa
5/10/2018 7:11:48 PM,6619340,AMS-Box Office,Merchandise,Merchandise,T-Shirt,Art Theater Shirt,T-Shirt,1,$20.00,$0.00,Visa
5/10/2018 7:12:22 PM,6619342,AMS-Box Office,Merchandise,Merchandise,Poster,Poster,Poster,1,$10.00,$0.00,Visa
5/19/2018 6:01:43 PM,6658720,AMS-Box Office,Merchandise,Merchandise,Poster,Poster,Poster,1,$10.00,$0.00,Visa
5/19/2018 6:01:43 PM,6658720,AMS-Box Office,Merchandise,Merchandise,Poster,Poster,Poster,1,$10.00,$0.00,Visa
5/19/2018 10:06:24 PM,6659939,AMS-Box Office,Merchandise,Merchandise,Poster,Poster,Poster,1,$10.00,$0.00,Cash
5/20/2018 12:00:44 PM,6660658,AMS-Box Office,Merchandise,Merchandise,T-Shirt,Art Theater Shirt,T-Shirt,1,$20.00,$0.00,Visa
5/26/2018 9:23:11 PM,6675420,AMS-Box Office,Merchandise,Merchandise,Poster,Poster,Poster,1,$10.00,$0.00,Cash
6/2/2018 9:30:15 PM,6694888,AMS-Box Office,Merchandise,Merchandise,Poster,Poster,Poster,1,$10.00,$0.00,Cash
6/2/2018 9:30:15 PM,6694888,AMS-Box Office,Merchandise,Merchandise,Poster,Poster,Poster,1,$10.00,$0.00,Cash
6/4/2018 8:26:35 PM,6699558,AMS-Box Office,Merchandise,Merchandise,T-Shirt,Art Theater Shirt,T-Shirt,1,$20.00,$0.00,Visa
6/7/2018 3:14:27 PM,6704886,AMS-Box Office,Merchandise,Merchandise,Poster,Poster,Poster,1,$10.00,$0.00,Cash
6/7/2018 3:14:27 PM,6704886,AMS-Box Office,Merchandise,Merchandise,Poster,Poster,Poster,1,$10.00,$0.00,Cash
6/7/2018 3:14:27 PM,6704886,AMS-Box Office,Merchandise,Merchandise,Poster,Poster,Poster,1,$10.00,$0.00,Cash
6/13/2018 8:38:01 PM,6719444,AMS-Box Office,Merchandise,Merchandise,Poster,Poster,Poster,1,$10.00,$0.00,Cash
6/19/2018 6:58:10 PM,6745334,AMS-Box Office,Merchandise,Merchandise,T-Shirt,Art Theater Shirt,T-Shirt,1,$20.00,$0.00,Visa
6/29/2018 2:35:48 PM,6773079,AMS-Box Office,Merchandise,Merchandise,T-Shirt,Art Theater Shirt,T-Shirt,1,$20.00,$0.00,Visa
6/29/2018 9:53:30 PM,6775546,AMS-Box Office,Merchandise,Merchandise,Poster,Poster,Poster,1,$10.00,$0.00,Cash
7/1/2018 11:32:44 AM,6781001,AMS-Box Office,Merchandise,Merchandise,T-Shirt,Art Theater Shirt,T-Shirt,1,$20.00,$0.00,Visa
7/1/2018 4:35:52 PM,6783246,AMS-Box Office,Merchandise,Merchandise,T-Shirt,Art Theater Shirt,T-Shirt,1,$20.00,$0.00,Visa
7/1/2018 4:40:53 PM,6783278,AMS-Box Office,Merchandise,Merchandise,T-Shirt,Art Theater Shirt,T-Shirt,1,$20.00,$0.00,Visa
7/7/2018 11:19:11 AM,6801402,AMS-Box Office,Merchandise,Merchandise,Poster,Poster,Poster,1,$10.00,$0.00,MasterCard
7/8/2018 11:05:58 AM,6805132,AMS-Box Office,Merchandise,Merchandise,Poster,Poster,Poster,1,$10.00,$0.00,MasterCard
7/8/2018 1:18:31 PM,6805953,AMS-Box Office,Merchandise,Merchandise,T-Shirt,Art Theater Shirt,T-Shirt,1,$20.00,$0.00,Visa
7/9/2018 8:59:25 PM,6810650,AMS-Box Office,Merchandise,Merchandise,Poster,Poster,Poster,1,$10.00,$0.00,Visa
7/9/2018 8:59:25 PM,6810650,AMS-Box Office,Merchandise,Merchandise,Poster,Poster,Poster,1,$10.00,$0.00,Visa
7/11/2018 7:31:02 PM,6815672,AMS-Box Office,Merchandise,Merchandise,Poster,Poster,Poster,1,$10.00,$0.00,Cash
7/14/2018 1:03:34 PM,6824282,AMS-Box Office,Merchandise,Merchandise,Poster,Poster,Poster,1,$10.00,$0.00,Visa
7/14/2018 9:18:04 PM,6828372,AMS-Box Office,Merchandise,Merchandise,Poster,Poster,Poster,1,$10.00,$0.00,Visa
7/20/2018 2:45:33 PM,6844392,AMS-Box Office,Merchandise,Merchandise,Poster,Poster,Poster,1,$10.00,$0.00,Visa
7/21/2018 12:57:24 PM,6847878,AMS-Box Office,Merchandise,Merchandise,Poster,Poster,Poster,1,$10.00,$0.00,Visa
7/21/2018 2:02:30 PM,6848094,AMS-Box Office,Merchandise,Merchandise,Poster,Poster,Poster,1,$10.00,$0.00,Cash
7/22/2018 5:12:35 PM,6854245,AMS-Box Office,Merchandise,Merchandise,T-Shirt,Art Theater Shirt,T-Shirt,1,$20.00,$0.00,Visa
8/3/2018 11:51:04 AM,6894413,AMS-Box Office,Merchandise,Merchandise,Advertising,On-Screen Ad - 6 mo,Advertising,1,$750.00,$0.00,MasterCard
8/12/2018 12:12:09 AM,6926597,AMS-Box Office,Merchandise,Merchandise,Poster,Poster,Poster,1,$10.00,$0.00,Visa
8/24/2018 9:21:55 PM,7032057,AMS-Box Office,Merchandise,Merchandise,Poster,Poster,Poster,1,$10.00,$0.00,Cash
8/24/2018 9:21:55 PM,7032057,AMS-Box Office,Merchandise,Merchandise,Poster,Poster,Poster,1,$10.00,$0.00,Cash
8/26/2018 1:37:45 PM,7057686,AMS-Box Office,Merchandise,Merchandise,Poster,Poster,Poster,1,$10.00,$0.00,Visa
9/1/2018 9:17:27 PM,7079883,AMS-Box Office,Merchandise,Merchandise,T-Shirt,Art Theater Shirt,T-Shirt,1,$20.00,$0.00,Visa
9/12/2018 4:46:14 PM,7115550,AMS-Box Office,Merchandise,Merchandise,Poster,Poster,Poster,1,$10.00,$0.00,Cash
10/2/2018 9:09:22 PM,7185228,AMS-Box Office,Merchandise,Merchandise,Poster,Poster,Poster,1,$10.00,$0.00,Cash
10/2/2018 9:31:38 PM,7185269,AMS-Box Office,Merchandise,Merchandise,Poster,Poster,Poster,1,$10.00,$0.00,MasterCard
10/2/2018 9:31:38 PM,7185269,AMS-Box Office,Merchandise,Merchandise,Poster,Poster,Poster,1,$10.00,$0.00,MasterCard
10/3/2018 4:48:17 PM,7187418,AMS-Box Office,Merchandise,Merchandise,Shocktober Pass,Shocktober Pass,Series Pass,1,$80.00,$0.00,Cash
10/11/2018 1:43:18 PM,7219892,AMS-Box Office,Merchandise,Merchandise,T-Shirt,Shocktober T-Shirt,Shoctober Shirt - marked down,1,$15.00,$0.00,Cash
10/12/2018 2:55:54 PM,7225289,AMS-Box Office,Merchandise,Merchandise,T-Shirt,Shocktober T-Shirt,Shoctober Shirt - marked down,1,$15.00,$0.00,Visa
10/12/2018 9:47:48 PM,7228746,AMS-Box Office,Merchandise,Merchandise,Poster,Poster,Poster,1,$10.00,$0.00,Visa
10/13/2018 9:43:59 PM,7235578,AMS-Box Office,Merchandise,Merchandise,Poster,Poster,Poster,1,$10.00,$0.00,Visa
10/14/2018 3:46:44 AM,7235886,AMS-Box Office,Merchandise,Merchandise,Poster,Poster,Poster,1,$10.00,$0.00,Cash
10/26/2018 9:50:11 PM,7304269,AMS-Box Office,Merchandise,Merchandise,Poster,Poster,Poster,1,$10.00,$0.00,Visa
10/26/2018 10:13:35 PM,7304326,AMS-Box Office,Merchandise,Merchandise,T-Shirt,Shocktober T-Shirt,Shoctober Shirt - marked down,1,$15.00,$0.00,MasterCard
10/26/2018 10:13:54 PM,7304328,AMS-Box Office,Merchandise,Merchandise,T-Shirt,Shocktober T-Shirt,Shoctober Shirt - marked down,1,$15.00,$0.00,Cash
10/26/2018 10:13:54 PM,7304328,AMS-Box Office,Merchandise,Merchandise,T-Shirt,Shocktober T-Shirt,Shoctober Shirt - marked down,1,$15.00,$0.00,Cash
10/29/2018 6:39:39 PM,7318423,AMS-Box Office,Merchandise,Merchandise,Poster,Poster,Poster,1,$10.00,$0.00,Visa
11/5/2018 6:51:19 PM,7354110,AMS-Box Office,Merchandise,Merchandise,Poster,Poster,Poster,1,$10.00,$0.00,Cash
11/13/2018 10:09:41 PM,7401091,AMS-Box Office,Merchandise,Merchandise,Poster,Poster,Poster,1,$10.00,$0.00,Cash
11/30/2018 3:49:37 PM,7468040,AMS-Box Office,Merchandise,Merchandise,T-Shirt,Art Theater Shirt,T-Shirt,1,$20.00,$0.00,Cash
12/9/2018 5:01:48 PM,7510294,AMS-Box Office,Merchandise,Merchandise,Poster,Poster,Poster,1,$10.00,$0.00,Cash
12/16/2018 4:03:46 PM,7540065,AMS-Box Office,Merchandise,Merchandise,Poster,Poster,Poster,1,$10.00,$0.00,MasterCard
12/18/2018 6:34:32 PM,7547849,AMS-Box Office,Merchandise,Merchandise,Poster,Poster,Poster,1,$10.00,$0.00,Cash
12/18/2018 8:44:06 PM,7548449,AMS-Box Office,Merchandise,Merchandise,T-Shirt,Art Theater Shirt,T-Shirt,1,$20.00,$0.00,Visa
12/19/2018 4:20:27 PM,7550523,AMS-Box Office,Merchandise,Merchandise,T-Shirt,Art Theater Shirt,T-Shirt,1,$20.00,$0.00,Visa
12/22/2018 2:17:00 PM,7563978,AMS-Box Office,Merchandise,Merchandise,T-Shirt,Art Theater Shirt,T-Shirt,1,$20.00,$0.00,Visa
12/22/2018 2:24:11 PM,7564058,AMS-Box Office,Merchandise,Merchandise,T-Shirt,Shocktober T-Shirt,Shoctober Shirt - marked down,1,$15.00,$0.00,Cash
1/4/2019 6:37:21 PM,7625018,AMS-Box Office,Merchandise,Merchandise,Poster,Poster,Poster,1,$10.00,$0.00,Visa
1/8/2019 6:51:06 PM,7642904,AMS-Box Office,Merchandise,Merchandise,Poster,Poster,Poster,1,$10.00,$0.00,Cash
1/17/2019 6:41:23 PM,7678568,AMS-Box Office,Merchandise,Merchandise,Poster,Poster,Poster,1,$10.00,$0.00,Visa
1/27/2019 3:10:41 PM,7721580,AMS-Box Office,Merchandise,Merchandise,Poster,Poster,Poster,1,$10.00,$0.00,Cash
1/27/2019 4:55:07 PM,7722238,AMS-Box Office,Merchandise,Merchandise,Poster,Poster,Poster,1,$10.00,$0.00,Cash
2/1/2019 6:52:18 PM,7741138,AMS-Box Office,Merchandise,Merchandise,Poster,Poster,Poster,1,$10.00,$0.00,MasterCard
2/1/2019 6:52:42 PM,7741140,AMS-Box Office,Merchandise,Merchandise,Poster,Poster,Poster,1,$10.00,$0.00,Cash
2/2/2019 9:04:31 PM,7749024,AMS-Box Office,Merchandise,Merchandise,T-Shirt,Art Theater Shirt,T-Shirt,1,$20.00,$0.00,MasterCard
2/16/2019 6:30:41 PM,7803786,AMS-Box Office,Merchandise,Merchandise,Poster,Poster,Poster,1,$10.00,$0.00,Visa
2/18/2019 7:08:15 PM,7813842,AMS-Box Office,Merchandise,Merchandise,T-Shirt,Art Theater Shirt,T-Shirt,1,$20.00,$0.00,Visa
2/23/2019 9:11:41 PM,7834599,AMS-Box Office,Merchandise,Merchandise,Poster,Poster,Poster,1,$10.00,$0.00,Cash
2/24/2019 4:47:53 PM,7837320,AMS-Box Office,Merchandise,Merchandise,Jewish Film Festival Pass,Jewish Film Festival Pass,Series Pass,1,$32.00,$0.00,Cash
2/24/2019 6:36:56 PM,7837822,AMS-Box Office,Merchandise,Merchandise,Jewish Film Festival Pass,Jewish Film Festival Pass,Series Pass,1,$32.00,$0.00,Visa
2/24/2019 6:36:56 PM,7837822,AMS-Box Office,Merchandise,Merchandise,Jewish Film Festival Pass,Jewish Film Festival Pass,Series Pass,1,$32.00,$0.00,Visa
3/3/2019 2:15:15 PM,7858317,AMS-Box Office,Merchandise,Merchandise,Jewish Film Festival Pass,Jewish Film Festival Pass,Series Pass,1,$32.00,$0.00,MasterCard
3/3/2019 6:26:30 PM,7859514,AMS-Box Office,Merchandise,Merchandise,Jewish Film Festival Pass,Jewish Film Festival Pass,Series Pass,1,$32.00,$0.00,Visa
3/3/2019 6:26:30 PM,7859514,AMS-Box Office,Merchandise,Merchandise,Jewish Film Festival Pass,Jewish Film Festival Pass,Series Pass,1,$32.00,$0.00,Visa
3/3/2019 6:28:16 PM,7859521,AMS-Box Office,Merchandise,Merchandise,Jewish Film Festival Pass,Jewish Film Festival Pass,Series Pass,1,$32.00,$0.00,Visa
3/3/2019 6:32:59 PM,7859533,AMS-Box Office,Merchandise,Merchandise,Poster,Poster,Poster,1,$10.00,$0.00,Cash
3/3/2019 6:32:59 PM,7859533,AMS-Box Office,Merchandise,Merchandise,Poster,Poster,Poster,1,$10.00,$0.00,Cash
3/3/2019 6:32:59 PM,7859533,AMS-Box Office,Merchandise,Merchandise,Poster,Poster,Poster,1,$10.00,$0.00,Cash
3/3/2019 6:32:59 PM,7859533,AMS-Box Office,Merchandise,Merchandise,Poster,Poster,Poster,1,$10.00,$0.00,Cash
3/3/2019 6:32:59 PM,7859533,AMS-Box Office,Merchandise,Merchandise,Poster,Poster,Poster,1,$10.00,$0.00,Cash
3/3/2019 6:32:59 PM,7859533,AMS-Box Office,Merchandise,Merchandise,Poster,Poster,Poster,1,$10.00,$0.00,Cash
3/3/2019 6:40:09 PM,7859558,AMS-Box Office,Merchandise,Merchandise,Jewish Film Festival Pass,Jewish Film Festival Pass,Series Pass,1,$32.00,$0.00,Visa
3/3/2019 6:40:09 PM,7859558,AMS-Box Office,Merchandise,Merchandise,Jewish Film Festival Pass,Jewish Film Festival Pass,Series Pass,1,$32.00,$0.00,Visa
3/3/2019 6:44:23 PM,7859573,AMS-Box Office,Merchandise,Merchandise,Jewish Film Festival Pass,Jewish Film Festival Pass,Series Pass,1,$32.00,$0.00,MasterCard
3/3/2019 6:44:23 PM,7859573,AMS-Box Office,Merchandise,Merchandise,Jewish Film Festival Pass,Jewish Film Festival Pass,Series Pass,1,$32.00,$0.00,MasterCard
3/3/2019 6:48:03 PM,7859587,AMS-Box Office,Merchandise,Merchandise,Jewish Film Festival Pass,Jewish Film Festival Pass,Series Pass,1,$32.00,$0.00,MasterCard
3/16/2019 8:50:33 PM,7902910,AMS-Box Office,Merchandise,Merchandise,T-Shirt,Art Theater Shirt,T-Shirt,1,$20.00,$0.00,Visa
3/16/2019 8:51:41 PM,7902913,AMS-Box Office,Merchandise,Merchandise,T-Shirt,Shocktober T-Shirt,Shoctober Shirt - marked down,1,$15.00,$0.00,Cash
3/22/2019 7:10:02 PM,7919014,AMS-Box Office,Merchandise,Merchandise,T-Shirt,Art Theater Shirt,T-Shirt,1,$20.00,$0.00,Cash
3/28/2019 8:59:22 PM,7939167,AMS-Box Office,Merchandise,Merchandise,T-Shirt,Art Theater Shirt,T-Shirt,1,$20.00,$0.00,MasterCard
3/29/2019 6:49:36 PM,7942079,AMS-Box Office,Merchandise,Merchandise,Poster,Poster,Poster,1,$10.00,$0.00,Visa
4/6/2019 8:37:58 PM,7967290,AMS-Box Office,Merchandise,Merchandise,T-Shirt,Art Theater Shirt,T-Shirt,1,$20.00,$0.00,Cash
5/8/2019 6:17:48 PM,8063631,AMS-Box Office,Merchandise,Merchandise,Poster,Poster,Poster,1,$10.00,$0.00,MasterCard
5/13/2019 4:17:11 PM,8078848,AMS-Box Office,Merchandise,Merchandise,Poster,Poster,Poster,1,$10.00,$0.00,Visa
5/18/2019 6:05:18 PM,8091987,AMS-Box Office,Merchandise,Merchandise,Poster,Poster,Poster,1,$10.00,$0.00,Visa
5/25/2019 12:59:21 PM,8108443,AMS-Box Office,Merchandise,Merchandise,Poster,Poster,Poster,1,$10.00,$0.00,Cash
5/26/2019 4:07:30 PM,8112485,AMS-Box Office,Merchandise,Merchandise,Poster,Poster,Poster,1,$10.00,$0.00,MasterCard
6/19/2019 6:59:49 PM,8181832,AMS-Box Office,Merchandise,Merchandise,Poster,Poster,Poster,1,$10.00,$0.00,Cash
6/19/2019 6:59:49 PM,8181832,AMS-Box Office,Merchandise,Merchandise,Poster,Poster,Poster,1,$10.00,$0.00,Cash
6/20/2019 4:39:42 PM,8183809,AMS-Box Office,Merchandise,Merchandise,T-Shirt,Art Theater Shirt,T-Shirt,1,$20.00,$0.00,Visa
6/24/2019 4:47:49 PM,8196391,AMS-Box Office,Merchandise,Merchandise,Poster,Poster,Poster,1,$10.00,$0.00,Cash
7/5/2019 6:22:36 PM,8232659,AMS-Box Office,Merchandise,Merchandise,T-Shirt,Art Theater Shirt,T-Shirt,1,$20.00,$0.00,Cash
7/5/2019 6:35:45 PM,8232789,AMS-Box Office,Merchandise,Merchandise,Poster,Poster,Poster,1,$10.00,$0.00,Cash
7/7/2019 7:26:10 PM,8241870,AMS-Box Office,Merchandise,Merchandise,T-Shirt,Art Theater Shirt,T-Shirt,1,$20.00,$0.00,Visa
7/19/2019 7:05:32 PM,8285137,AMS-Box Office,Merchandise,Merchandise,T-Shirt,Art Theater Shirt,T-Shirt,1,$20.00,$0.00,Visa
7/21/2019 7:11:43 PM,8297329,AMS-Box Office,Merchandise,Merchandise,Poster,Poster,Poster,1,$10.00,$0.00,MasterCard
7/21/2019 7:20:27 PM,8297392,AMS-Box Office,Merchandise,Merchandise,Poster,Poster,Poster,1,$10.00,$0.00,Cash
7/30/2019 4:53:50 PM,8329721,AMS-Box Office,Merchandise,Merchandise,Poster,Poster,Poster,1,$10.00,$0.00,Cash